filename,image_path,class_name,label
non_fire_0001.jpg,D:\My project\phan-loai-chay-datamining\data\raw\non_fire\non_fire_0001.jpg,non_fire,0
non_fire_0002.jpg,D:\My project\phan-loai-chay-datamining\data\raw\non_fire\non_fire_0002.jpg,non_fire,0
non_fire_0003.jpg,D:\My project\phan-loai-chay-datamining\data\raw\non_fire\non_fire_0003.jpg,non_fire,0
non_fire_0004.jpg,D:\My project\phan-loai-chay-datamining\data\raw\non_fire\non_fire_0004.jpg,non_fire,0
non_fire_0005.jpg,D:\My project\phan-loai-chay-datamining\data\raw\non_fire\non_fire_0005.jpg,non_fire,0
non_fire_0006.jpg,D:\My project\phan-loai-chay-datamining\data\raw\non_fire\non_fire_0006.jpg,non_fire,0
non_fire_0007.jpg,D:\My project\phan-loai-chay-datamining\data\raw\non_fire\non_fire_0007.jpg,non_fire,0
non_fire_0008.jpg,D:\My project\phan-loai-chay-datamining\data\raw\non_fire\non_fire_0008.jpg,non_fire,0
non_fire_0009.jpg,D:\My project\phan-loai-chay-datamining\data\raw\non_fire\non_fire_0009.jpg,non_fire,0
non_fire_0010.jpg,D:\My project\phan-loai-chay-datamining\data\raw\non_fire\non_fire_0010.jpg,non_fire,0
non_fire_0011.jpg,D:\My project\phan-loai-chay-datamining\data\raw\non_fire\non_fire_0011.jpg,non_fire,0
non_fire_0012.jpg,D:\My project\phan-loai-chay-datamining\data\raw\non_fire\non_fire_0012.jpg,non_fire,0
non_fire_0013.jpg,D:\My project\phan-loai-chay-datamining\data\raw\non_fire\non_fire_0013.jpg,non_fire,0
non_fire_0014.jpg,D:\My project\phan-loai-chay-datamining\data\raw\non_fire\non_fire_0014.jpg,non_fire,0
non_fire_0015.jpg,D:\My project\phan-loai-chay-datamining\data\raw\non_fire\non_fire_0015.jpg,non_fire,0
non_fire_0016.jpg,D:\My project\phan-loai-chay-datamining\data\raw\non_fire\non_fire_0016.jpg,non_fire,0
non_fire_0017.jpg,D:\My project\phan-loai-chay-datamining\data\raw\non_fire\non_fire_0017.jpg,non_fire,0
non_fire_0018.jpg,D:\My project\phan-loai-chay-datamining\data\raw\non_fire\non_fire_0018.jpg,non_fire,0
non_fire_0019.jpg,D:\My project\phan-loai-chay-datamining\data\raw\non_fire\non_fire_0019.jpg,non_fire,0
non_fire_0020.jpg,D:\My project\phan-loai-chay-datamining\data\raw\non_fire\non_fire_0020.jpg,non_fire,0
non_fire_0021.jpg,D:\My project\phan-loai-chay-datamining\data\raw\non_fire\non_fire_0021.jpg,non_fire,0
non_fire_0022.jpg,D:\My project\phan-loai-chay-datamining\data\raw\non_fire\non_fire_0022.jpg,non_fire,0
non_fire_0023.jpg,D:\My project\phan-loai-chay-datamining\data\raw\non_fire\non_fire_0023.jpg,non_fire,0
non_fire_0024.jpg,D:\My project\phan-loai-chay-datamining\data\raw\non_fire\non_fire_0024.jpg,non_fire,0
non_fire_0025.jpg,D:\My project\phan-loai-chay-datamining\data\raw\non_fire\non_fire_0025.jpg,non_fire,0
non_fire_0026.jpg,D:\My project\phan-loai-chay-datamining\data\raw\non_fire\non_fire_0026.jpg,non_fire,0
non_fire_0027.jpg,D:\My project\phan-loai-chay-datamining\data\raw\non_fire\non_fire_0027.jpg,non_fire,0
non_fire_0028.jpg,D:\My project\phan-loai-chay-datamining\data\raw\non_fire\non_fire_0028.jpg,non_fire,0
non_fire_0029.jpg,D:\My project\phan-loai-chay-datamining\data\raw\non_fire\non_fire_0029.jpg,non_fire,0
non_fire_0030.jpg,D:\My project\phan-loai-chay-datamining\data\raw\non_fire\non_fire_0030.jpg,non_fire,0
non_fire_0031.jpg,D:\My project\phan-loai-chay-datamining\data\raw\non_fire\non_fire_0031.jpg,non_fire,0
non_fire_0032.jpg,D:\My project\phan-loai-chay-datamining\data\raw\non_fire\non_fire_0032.jpg,non_fire,0
non_fire_0033.jpg,D:\My project\phan-loai-chay-datamining\data\raw\non_fire\non_fire_0033.jpg,non_fire,0
non_fire_0034.jpg,D:\My project\phan-loai-chay-datamining\data\raw\non_fire\non_fire_0034.jpg,non_fire,0
non_fire_0035.jpg,D:\My project\phan-loai-chay-datamining\data\raw\non_fire\non_fire_0035.jpg,non_fire,0
non_fire_0036.jpg,D:\My project\phan-loai-chay-datamining\data\raw\non_fire\non_fire_0036.jpg,non_fire,0
non_fire_0037.jpg,D:\My project\phan-loai-chay-datamining\data\raw\non_fire\non_fire_0037.jpg,non_fire,0
non_fire_0038.jpg,D:\My project\phan-loai-chay-datamining\data\raw\non_fire\non_fire_0038.jpg,non_fire,0
non_fire_0039.jpg,D:\My project\phan-loai-chay-datamining\data\raw\non_fire\non_fire_0039.jpg,non_fire,0
non_fire_0040.jpg,D:\My project\phan-loai-chay-datamining\data\raw\non_fire\non_fire_0040.jpg,non_fire,0
non_fire_0041.jpg,D:\My project\phan-loai-chay-datamining\data\raw\non_fire\non_fire_0041.jpg,non_fire,0
non_fire_0042.jpg,D:\My project\phan-loai-chay-datamining\data\raw\non_fire\non_fire_0042.jpg,non_fire,0
non_fire_0043.jpg,D:\My project\phan-loai-chay-datamining\data\raw\non_fire\non_fire_0043.jpg,non_fire,0
non_fire_0044.jpg,D:\My project\phan-loai-chay-datamining\data\raw\non_fire\non_fire_0044.jpg,non_fire,0
non_fire_0045.jpg,D:\My project\phan-loai-chay-datamining\data\raw\non_fire\non_fire_0045.jpg,non_fire,0
non_fire_0046.jpg,D:\My project\phan-loai-chay-datamining\data\raw\non_fire\non_fire_0046.jpg,non_fire,0
non_fire_0047.jpg,D:\My project\phan-loai-chay-datamining\data\raw\non_fire\non_fire_0047.jpg,non_fire,0
non_fire_0048.jpg,D:\My project\phan-loai-chay-datamining\data\raw\non_fire\non_fire_0048.jpg,non_fire,0
non_fire_0049.jpg,D:\My project\phan-loai-chay-datamining\data\raw\non_fire\non_fire_0049.jpg,non_fire,0
non_fire_0050.jpg,D:\My project\phan-loai-chay-datamining\data\raw\non_fire\non_fire_0050.jpg,non_fire,0
non_fire_0051.jpg,D:\My project\phan-loai-chay-datamining\data\raw\non_fire\non_fire_0051.jpg,non_fire,0
non_fire_0052.jpg,D:\My project\phan-loai-chay-datamining\data\raw\non_fire\non_fire_0052.jpg,non_fire,0
non_fire_0053.jpg,D:\My project\phan-loai-chay-datamining\data\raw\non_fire\non_fire_0053.jpg,non_fire,0
non_fire_0054.jpg,D:\My project\phan-loai-chay-datamining\data\raw\non_fire\non_fire_0054.jpg,non_fire,0
non_fire_0055.jpg,D:\My project\phan-loai-chay-datamining\data\raw\non_fire\non_fire_0055.jpg,non_fire,0
non_fire_0056.jpg,D:\My project\phan-loai-chay-datamining\data\raw\non_fire\non_fire_0056.jpg,non_fire,0
non_fire_0057.jpg,D:\My project\phan-loai-chay-datamining\data\raw\non_fire\non_fire_0057.jpg,non_fire,0
non_fire_0058.jpg,D:\My project\phan-loai-chay-datamining\data\raw\non_fire\non_fire_0058.jpg,non_fire,0
non_fire_0059.jpg,D:\My project\phan-loai-chay-datamining\data\raw\non_fire\non_fire_0059.jpg,non_fire,0
non_fire_0060.jpg,D:\My project\phan-loai-chay-datamining\data\raw\non_fire\non_fire_0060.jpg,non_fire,0
non_fire_0061.jpg,D:\My project\phan-loai-chay-datamining\data\raw\non_fire\non_fire_0061.jpg,non_fire,0
non_fire_0062.jpg,D:\My project\phan-loai-chay-datamining\data\raw\non_fire\non_fire_0062.jpg,non_fire,0
non_fire_0063.jpg,D:\My project\phan-loai-chay-datamining\data\raw\non_fire\non_fire_0063.jpg,non_fire,0
non_fire_0064.jpg,D:\My project\phan-loai-chay-datamining\data\raw\non_fire\non_fire_0064.jpg,non_fire,0
non_fire_0065.jpg,D:\My project\phan-loai-chay-datamining\data\raw\non_fire\non_fire_0065.jpg,non_fire,0
non_fire_0066.jpg,D:\My project\phan-loai-chay-datamining\data\raw\non_fire\non_fire_0066.jpg,non_fire,0
non_fire_0067.jpg,D:\My project\phan-loai-chay-datamining\data\raw\non_fire\non_fire_0067.jpg,non_fire,0
non_fire_0068.jpg,D:\My project\phan-loai-chay-datamining\data\raw\non_fire\non_fire_0068.jpg,non_fire,0
non_fire_0069.jpg,D:\My project\phan-loai-chay-datamining\data\raw\non_fire\non_fire_0069.jpg,non_fire,0
non_fire_0070.jpg,D:\My project\phan-loai-chay-datamining\data\raw\non_fire\non_fire_0070.jpg,non_fire,0
non_fire_0071.jpg,D:\My project\phan-loai-chay-datamining\data\raw\non_fire\non_fire_0071.jpg,non_fire,0
non_fire_0072.jpg,D:\My project\phan-loai-chay-datamining\data\raw\non_fire\non_fire_0072.jpg,non_fire,0
non_fire_0073.jpg,D:\My project\phan-loai-chay-datamining\data\raw\non_fire\non_fire_0073.jpg,non_fire,0
non_fire_0074.jpg,D:\My project\phan-loai-chay-datamining\data\raw\non_fire\non_fire_0074.jpg,non_fire,0
non_fire_0075.jpg,D:\My project\phan-loai-chay-datamining\data\raw\non_fire\non_fire_0075.jpg,non_fire,0
non_fire_0076.jpg,D:\My project\phan-loai-chay-datamining\data\raw\non_fire\non_fire_0076.jpg,non_fire,0
non_fire_0077.jpg,D:\My project\phan-loai-chay-datamining\data\raw\non_fire\non_fire_0077.jpg,non_fire,0
non_fire_0078.jpg,D:\My project\phan-loai-chay-datamining\data\raw\non_fire\non_fire_0078.jpg,non_fire,0
non_fire_0079.jpg,D:\My project\phan-loai-chay-datamining\data\raw\non_fire\non_fire_0079.jpg,non_fire,0
non_fire_0080.jpg,D:\My project\phan-loai-chay-datamining\data\raw\non_fire\non_fire_0080.jpg,non_fire,0
non_fire_0081.jpg,D:\My project\phan-loai-chay-datamining\data\raw\non_fire\non_fire_0081.jpg,non_fire,0
non_fire_0082.jpg,D:\My project\phan-loai-chay-datamining\data\raw\non_fire\non_fire_0082.jpg,non_fire,0
non_fire_0083.jpg,D:\My project\phan-loai-chay-datamining\data\raw\non_fire\non_fire_0083.jpg,non_fire,0
non_fire_0084.jpg,D:\My project\phan-loai-chay-datamining\data\raw\non_fire\non_fire_0084.jpg,non_fire,0
non_fire_0085.jpg,D:\My project\phan-loai-chay-datamining\data\raw\non_fire\non_fire_0085.jpg,non_fire,0
non_fire_0086.jpg,D:\My project\phan-loai-chay-datamining\data\raw\non_fire\non_fire_0086.jpg,non_fire,0
non_fire_0087.jpg,D:\My project\phan-loai-chay-datamining\data\raw\non_fire\non_fire_0087.jpg,non_fire,0
non_fire_0088.jpg,D:\My project\phan-loai-chay-datamining\data\raw\non_fire\non_fire_0088.jpg,non_fire,0
non_fire_0089.jpg,D:\My project\phan-loai-chay-datamining\data\raw\non_fire\non_fire_0089.jpg,non_fire,0
non_fire_0090.jpg,D:\My project\phan-loai-chay-datamining\data\raw\non_fire\non_fire_0090.jpg,non_fire,0
non_fire_0091.jpg,D:\My project\phan-loai-chay-datamining\data\raw\non_fire\non_fire_0091.jpg,non_fire,0
non_fire_0092.jpg,D:\My project\phan-loai-chay-datamining\data\raw\non_fire\non_fire_0092.jpg,non_fire,0
non_fire_0093.jpg,D:\My project\phan-loai-chay-datamining\data\raw\non_fire\non_fire_0093.jpg,non_fire,0
non_fire_0094.jpg,D:\My project\phan-loai-chay-datamining\data\raw\non_fire\non_fire_0094.jpg,non_fire,0
non_fire_0095.jpg,D:\My project\phan-loai-chay-datamining\data\raw\non_fire\non_fire_0095.jpg,non_fire,0
non_fire_0096.jpg,D:\My project\phan-loai-chay-datamining\data\raw\non_fire\non_fire_0096.jpg,non_fire,0
non_fire_0097.jpg,D:\My project\phan-loai-chay-datamining\data\raw\non_fire\non_fire_0097.jpg,non_fire,0
non_fire_0098.jpg,D:\My project\phan-loai-chay-datamining\data\raw\non_fire\non_fire_0098.jpg,non_fire,0
non_fire_0099.jpg,D:\My project\phan-loai-chay-datamining\data\raw\non_fire\non_fire_0099.jpg,non_fire,0
non_fire_0100.jpg,D:\My project\phan-loai-chay-datamining\data\raw\non_fire\non_fire_0100.jpg,non_fire,0
non_fire_0101.jpg,D:\My project\phan-loai-chay-datamining\data\raw\non_fire\non_fire_0101.jpg,non_fire,0
non_fire_0102.jpg,D:\My project\phan-loai-chay-datamining\data\raw\non_fire\non_fire_0102.jpg,non_fire,0
non_fire_0103.jpg,D:\My project\phan-loai-chay-datamining\data\raw\non_fire\non_fire_0103.jpg,non_fire,0
non_fire_0104.jpg,D:\My project\phan-loai-chay-datamining\data\raw\non_fire\non_fire_0104.jpg,non_fire,0
non_fire_0105.jpg,D:\My project\phan-loai-chay-datamining\data\raw\non_fire\non_fire_0105.jpg,non_fire,0
non_fire_0106.jpg,D:\My project\phan-loai-chay-datamining\data\raw\non_fire\non_fire_0106.jpg,non_fire,0
non_fire_0107.jpg,D:\My project\phan-loai-chay-datamining\data\raw\non_fire\non_fire_0107.jpg,non_fire,0
non_fire_0108.jpg,D:\My project\phan-loai-chay-datamining\data\raw\non_fire\non_fire_0108.jpg,non_fire,0
non_fire_0109.jpg,D:\My project\phan-loai-chay-datamining\data\raw\non_fire\non_fire_0109.jpg,non_fire,0
non_fire_0110.jpg,D:\My project\phan-loai-chay-datamining\data\raw\non_fire\non_fire_0110.jpg,non_fire,0
non_fire_0111.jpg,D:\My project\phan-loai-chay-datamining\data\raw\non_fire\non_fire_0111.jpg,non_fire,0
non_fire_0112.jpg,D:\My project\phan-loai-chay-datamining\data\raw\non_fire\non_fire_0112.jpg,non_fire,0
non_fire_0113.jpg,D:\My project\phan-loai-chay-datamining\data\raw\non_fire\non_fire_0113.jpg,non_fire,0
non_fire_0114.jpg,D:\My project\phan-loai-chay-datamining\data\raw\non_fire\non_fire_0114.jpg,non_fire,0
non_fire_0115.jpg,D:\My project\phan-loai-chay-datamining\data\raw\non_fire\non_fire_0115.jpg,non_fire,0
non_fire_0116.jpg,D:\My project\phan-loai-chay-datamining\data\raw\non_fire\non_fire_0116.jpg,non_fire,0
non_fire_0117.jpg,D:\My project\phan-loai-chay-datamining\data\raw\non_fire\non_fire_0117.jpg,non_fire,0
non_fire_0118.jpg,D:\My project\phan-loai-chay-datamining\data\raw\non_fire\non_fire_0118.jpg,non_fire,0
non_fire_0119.jpg,D:\My project\phan-loai-chay-datamining\data\raw\non_fire\non_fire_0119.jpg,non_fire,0
non_fire_0120.jpg,D:\My project\phan-loai-chay-datamining\data\raw\non_fire\non_fire_0120.jpg,non_fire,0
non_fire_0121.jpg,D:\My project\phan-loai-chay-datamining\data\raw\non_fire\non_fire_0121.jpg,non_fire,0
non_fire_0122.jpg,D:\My project\phan-loai-chay-datamining\data\raw\non_fire\non_fire_0122.jpg,non_fire,0
non_fire_0123.jpg,D:\My project\phan-loai-chay-datamining\data\raw\non_fire\non_fire_0123.jpg,non_fire,0
non_fire_0124.jpg,D:\My project\phan-loai-chay-datamining\data\raw\non_fire\non_fire_0124.jpg,non_fire,0
non_fire_0125.jpg,D:\My project\phan-loai-chay-datamining\data\raw\non_fire\non_fire_0125.jpg,non_fire,0
non_fire_0126.jpg,D:\My project\phan-loai-chay-datamining\data\raw\non_fire\non_fire_0126.jpg,non_fire,0
non_fire_0127.jpg,D:\My project\phan-loai-chay-datamining\data\raw\non_fire\non_fire_0127.jpg,non_fire,0
non_fire_0128.jpg,D:\My project\phan-loai-chay-datamining\data\raw\non_fire\non_fire_0128.jpg,non_fire,0
non_fire_0129.jpg,D:\My project\phan-loai-chay-datamining\data\raw\non_fire\non_fire_0129.jpg,non_fire,0
non_fire_0130.jpg,D:\My project\phan-loai-chay-datamining\data\raw\non_fire\non_fire_0130.jpg,non_fire,0
non_fire_0131.jpg,D:\My project\phan-loai-chay-datamining\data\raw\non_fire\non_fire_0131.jpg,non_fire,0
non_fire_0132.jpg,D:\My project\phan-loai-chay-datamining\data\raw\non_fire\non_fire_0132.jpg,non_fire,0
non_fire_0133.jpg,D:\My project\phan-loai-chay-datamining\data\raw\non_fire\non_fire_0133.jpg,non_fire,0
non_fire_0134.jpg,D:\My project\phan-loai-chay-datamining\data\raw\non_fire\non_fire_0134.jpg,non_fire,0
non_fire_0135.jpg,D:\My project\phan-loai-chay-datamining\data\raw\non_fire\non_fire_0135.jpg,non_fire,0
non_fire_0136.jpg,D:\My project\phan-loai-chay-datamining\data\raw\non_fire\non_fire_0136.jpg,non_fire,0
non_fire_0137.jpg,D:\My project\phan-loai-chay-datamining\data\raw\non_fire\non_fire_0137.jpg,non_fire,0
non_fire_0138.jpg,D:\My project\phan-loai-chay-datamining\data\raw\non_fire\non_fire_0138.jpg,non_fire,0
non_fire_0139.jpg,D:\My project\phan-loai-chay-datamining\data\raw\non_fire\non_fire_0139.jpg,non_fire,0
non_fire_0140.jpg,D:\My project\phan-loai-chay-datamining\data\raw\non_fire\non_fire_0140.jpg,non_fire,0
non_fire_0141.jpg,D:\My project\phan-loai-chay-datamining\data\raw\non_fire\non_fire_0141.jpg,non_fire,0
non_fire_0142.jpg,D:\My project\phan-loai-chay-datamining\data\raw\non_fire\non_fire_0142.jpg,non_fire,0
non_fire_0143.jpg,D:\My project\phan-loai-chay-datamining\data\raw\non_fire\non_fire_0143.jpg,non_fire,0
non_fire_0144.jpg,D:\My project\phan-loai-chay-datamining\data\raw\non_fire\non_fire_0144.jpg,non_fire,0
non_fire_0145.jpg,D:\My project\phan-loai-chay-datamining\data\raw\non_fire\non_fire_0145.jpg,non_fire,0
non_fire_0146.jpg,D:\My project\phan-loai-chay-datamining\data\raw\non_fire\non_fire_0146.jpg,non_fire,0
non_fire_0147.jpg,D:\My project\phan-loai-chay-datamining\data\raw\non_fire\non_fire_0147.jpg,non_fire,0
non_fire_0148.jpg,D:\My project\phan-loai-chay-datamining\data\raw\non_fire\non_fire_0148.jpg,non_fire,0
non_fire_0149.jpg,D:\My project\phan-loai-chay-datamining\data\raw\non_fire\non_fire_0149.jpg,non_fire,0
non_fire_0150.jpg,D:\My project\phan-loai-chay-datamining\data\raw\non_fire\non_fire_0150.jpg,non_fire,0
non_fire_0151.jpg,D:\My project\phan-loai-chay-datamining\data\raw\non_fire\non_fire_0151.jpg,non_fire,0
non_fire_0152.jpg,D:\My project\phan-loai-chay-datamining\data\raw\non_fire\non_fire_0152.jpg,non_fire,0
non_fire_0153.jpg,D:\My project\phan-loai-chay-datamining\data\raw\non_fire\non_fire_0153.jpg,non_fire,0
non_fire_0154.jpg,D:\My project\phan-loai-chay-datamining\data\raw\non_fire\non_fire_0154.jpg,non_fire,0
non_fire_0155.jpg,D:\My project\phan-loai-chay-datamining\data\raw\non_fire\non_fire_0155.jpg,non_fire,0
non_fire_0156.jpg,D:\My project\phan-loai-chay-datamining\data\raw\non_fire\non_fire_0156.jpg,non_fire,0
non_fire_0157.jpg,D:\My project\phan-loai-chay-datamining\data\raw\non_fire\non_fire_0157.jpg,non_fire,0
non_fire_0158.jpg,D:\My project\phan-loai-chay-datamining\data\raw\non_fire\non_fire_0158.jpg,non_fire,0
non_fire_0159.jpg,D:\My project\phan-loai-chay-datamining\data\raw\non_fire\non_fire_0159.jpg,non_fire,0
non_fire_0160.jpg,D:\My project\phan-loai-chay-datamining\data\raw\non_fire\non_fire_0160.jpg,non_fire,0
non_fire_0161.jpg,D:\My project\phan-loai-chay-datamining\data\raw\non_fire\non_fire_0161.jpg,non_fire,0
non_fire_0162.jpg,D:\My project\phan-loai-chay-datamining\data\raw\non_fire\non_fire_0162.jpg,non_fire,0
non_fire_0163.jpg,D:\My project\phan-loai-chay-datamining\data\raw\non_fire\non_fire_0163.jpg,non_fire,0
non_fire_0164.jpg,D:\My project\phan-loai-chay-datamining\data\raw\non_fire\non_fire_0164.jpg,non_fire,0
non_fire_0165.jpg,D:\My project\phan-loai-chay-datamining\data\raw\non_fire\non_fire_0165.jpg,non_fire,0
non_fire_0166.jpg,D:\My project\phan-loai-chay-datamining\data\raw\non_fire\non_fire_0166.jpg,non_fire,0
non_fire_0167.jpg,D:\My project\phan-loai-chay-datamining\data\raw\non_fire\non_fire_0167.jpg,non_fire,0
non_fire_0168.jpg,D:\My project\phan-loai-chay-datamining\data\raw\non_fire\non_fire_0168.jpg,non_fire,0
non_fire_0169.jpg,D:\My project\phan-loai-chay-datamining\data\raw\non_fire\non_fire_0169.jpg,non_fire,0
non_fire_0170.jpg,D:\My project\phan-loai-chay-datamining\data\raw\non_fire\non_fire_0170.jpg,non_fire,0
non_fire_0171.jpg,D:\My project\phan-loai-chay-datamining\data\raw\non_fire\non_fire_0171.jpg,non_fire,0
non_fire_0172.jpg,D:\My project\phan-loai-chay-datamining\data\raw\non_fire\non_fire_0172.jpg,non_fire,0
non_fire_0173.jpg,D:\My project\phan-loai-chay-datamining\data\raw\non_fire\non_fire_0173.jpg,non_fire,0
non_fire_0174.jpg,D:\My project\phan-loai-chay-datamining\data\raw\non_fire\non_fire_0174.jpg,non_fire,0
non_fire_0175.jpg,D:\My project\phan-loai-chay-datamining\data\raw\non_fire\non_fire_0175.jpg,non_fire,0
non_fire_0176.jpg,D:\My project\phan-loai-chay-datamining\data\raw\non_fire\non_fire_0176.jpg,non_fire,0
non_fire_0177.jpg,D:\My project\phan-loai-chay-datamining\data\raw\non_fire\non_fire_0177.jpg,non_fire,0
non_fire_0178.jpg,D:\My project\phan-loai-chay-datamining\data\raw\non_fire\non_fire_0178.jpg,non_fire,0
non_fire_0179.jpg,D:\My project\phan-loai-chay-datamining\data\raw\non_fire\non_fire_0179.jpg,non_fire,0
non_fire_0180.jpg,D:\My project\phan-loai-chay-datamining\data\raw\non_fire\non_fire_0180.jpg,non_fire,0
non_fire_0181.jpg,D:\My project\phan-loai-chay-datamining\data\raw\non_fire\non_fire_0181.jpg,non_fire,0
non_fire_0182.jpg,D:\My project\phan-loai-chay-datamining\data\raw\non_fire\non_fire_0182.jpg,non_fire,0
non_fire_0183.jpg,D:\My project\phan-loai-chay-datamining\data\raw\non_fire\non_fire_0183.jpg,non_fire,0
non_fire_0184.jpg,D:\My project\phan-loai-chay-datamining\data\raw\non_fire\non_fire_0184.jpg,non_fire,0
non_fire_0185.jpg,D:\My project\phan-loai-chay-datamining\data\raw\non_fire\non_fire_0185.jpg,non_fire,0
non_fire_0186.jpg,D:\My project\phan-loai-chay-datamining\data\raw\non_fire\non_fire_0186.jpg,non_fire,0
non_fire_0187.jpg,D:\My project\phan-loai-chay-datamining\data\raw\non_fire\non_fire_0187.jpg,non_fire,0
non_fire_0188.jpg,D:\My project\phan-loai-chay-datamining\data\raw\non_fire\non_fire_0188.jpg,non_fire,0
non_fire_0189.jpg,D:\My project\phan-loai-chay-datamining\data\raw\non_fire\non_fire_0189.jpg,non_fire,0
non_fire_0190.jpg,D:\My project\phan-loai-chay-datamining\data\raw\non_fire\non_fire_0190.jpg,non_fire,0
non_fire_0191.jpg,D:\My project\phan-loai-chay-datamining\data\raw\non_fire\non_fire_0191.jpg,non_fire,0
non_fire_0192.jpg,D:\My project\phan-loai-chay-datamining\data\raw\non_fire\non_fire_0192.jpg,non_fire,0
non_fire_0193.jpg,D:\My project\phan-loai-chay-datamining\data\raw\non_fire\non_fire_0193.jpg,non_fire,0
non_fire_0194.jpg,D:\My project\phan-loai-chay-datamining\data\raw\non_fire\non_fire_0194.jpg,non_fire,0
non_fire_0195.jpg,D:\My project\phan-loai-chay-datamining\data\raw\non_fire\non_fire_0195.jpg,non_fire,0
non_fire_0196.jpg,D:\My project\phan-loai-chay-datamining\data\raw\non_fire\non_fire_0196.jpg,non_fire,0
non_fire_0197.jpg,D:\My project\phan-loai-chay-datamining\data\raw\non_fire\non_fire_0197.jpg,non_fire,0
non_fire_0198.jpg,D:\My project\phan-loai-chay-datamining\data\raw\non_fire\non_fire_0198.jpg,non_fire,0
non_fire_0199.jpg,D:\My project\phan-loai-chay-datamining\data\raw\non_fire\non_fire_0199.jpg,non_fire,0
non_fire_0200.jpg,D:\My project\phan-loai-chay-datamining\data\raw\non_fire\non_fire_0200.jpg,non_fire,0
non_fire_0201.jpg,D:\My project\phan-loai-chay-datamining\data\raw\non_fire\non_fire_0201.jpg,non_fire,0
non_fire_0202.jpg,D:\My project\phan-loai-chay-datamining\data\raw\non_fire\non_fire_0202.jpg,non_fire,0
non_fire_0203.jpg,D:\My project\phan-loai-chay-datamining\data\raw\non_fire\non_fire_0203.jpg,non_fire,0
non_fire_0204.jpg,D:\My project\phan-loai-chay-datamining\data\raw\non_fire\non_fire_0204.jpg,non_fire,0
non_fire_0205.jpg,D:\My project\phan-loai-chay-datamining\data\raw\non_fire\non_fire_0205.jpg,non_fire,0
non_fire_0206.jpg,D:\My project\phan-loai-chay-datamining\data\raw\non_fire\non_fire_0206.jpg,non_fire,0
non_fire_0207.jpg,D:\My project\phan-loai-chay-datamining\data\raw\non_fire\non_fire_0207.jpg,non_fire,0
non_fire_0208.jpg,D:\My project\phan-loai-chay-datamining\data\raw\non_fire\non_fire_0208.jpg,non_fire,0
non_fire_0209.jpg,D:\My project\phan-loai-chay-datamining\data\raw\non_fire\non_fire_0209.jpg,non_fire,0
non_fire_0210.jpg,D:\My project\phan-loai-chay-datamining\data\raw\non_fire\non_fire_0210.jpg,non_fire,0
non_fire_0211.jpg,D:\My project\phan-loai-chay-datamining\data\raw\non_fire\non_fire_0211.jpg,non_fire,0
non_fire_0212.jpg,D:\My project\phan-loai-chay-datamining\data\raw\non_fire\non_fire_0212.jpg,non_fire,0
non_fire_0213.jpg,D:\My project\phan-loai-chay-datamining\data\raw\non_fire\non_fire_0213.jpg,non_fire,0
non_fire_0214.jpg,D:\My project\phan-loai-chay-datamining\data\raw\non_fire\non_fire_0214.jpg,non_fire,0
non_fire_0215.jpg,D:\My project\phan-loai-chay-datamining\data\raw\non_fire\non_fire_0215.jpg,non_fire,0
non_fire_0216.jpg,D:\My project\phan-loai-chay-datamining\data\raw\non_fire\non_fire_0216.jpg,non_fire,0
non_fire_0217.jpg,D:\My project\phan-loai-chay-datamining\data\raw\non_fire\non_fire_0217.jpg,non_fire,0
non_fire_0218.jpg,D:\My project\phan-loai-chay-datamining\data\raw\non_fire\non_fire_0218.jpg,non_fire,0
non_fire_0219.jpg,D:\My project\phan-loai-chay-datamining\data\raw\non_fire\non_fire_0219.jpg,non_fire,0
non_fire_0220.jpg,D:\My project\phan-loai-chay-datamining\data\raw\non_fire\non_fire_0220.jpg,non_fire,0
non_fire_0221.jpg,D:\My project\phan-loai-chay-datamining\data\raw\non_fire\non_fire_0221.jpg,non_fire,0
non_fire_0222.jpg,D:\My project\phan-loai-chay-datamining\data\raw\non_fire\non_fire_0222.jpg,non_fire,0
non_fire_0223.jpg,D:\My project\phan-loai-chay-datamining\data\raw\non_fire\non_fire_0223.jpg,non_fire,0
non_fire_0224.jpg,D:\My project\phan-loai-chay-datamining\data\raw\non_fire\non_fire_0224.jpg,non_fire,0
non_fire_0225.jpg,D:\My project\phan-loai-chay-datamining\data\raw\non_fire\non_fire_0225.jpg,non_fire,0
non_fire_0226.jpg,D:\My project\phan-loai-chay-datamining\data\raw\non_fire\non_fire_0226.jpg,non_fire,0
non_fire_0227.jpg,D:\My project\phan-loai-chay-datamining\data\raw\non_fire\non_fire_0227.jpg,non_fire,0
non_fire_0228.jpg,D:\My project\phan-loai-chay-datamining\data\raw\non_fire\non_fire_0228.jpg,non_fire,0
non_fire_0229.jpg,D:\My project\phan-loai-chay-datamining\data\raw\non_fire\non_fire_0229.jpg,non_fire,0
non_fire_0230.jpg,D:\My project\phan-loai-chay-datamining\data\raw\non_fire\non_fire_0230.jpg,non_fire,0
non_fire_0231.jpg,D:\My project\phan-loai-chay-datamining\data\raw\non_fire\non_fire_0231.jpg,non_fire,0
non_fire_0232.jpg,D:\My project\phan-loai-chay-datamining\data\raw\non_fire\non_fire_0232.jpg,non_fire,0
non_fire_0233.jpg,D:\My project\phan-loai-chay-datamining\data\raw\non_fire\non_fire_0233.jpg,non_fire,0
non_fire_0234.jpg,D:\My project\phan-loai-chay-datamining\data\raw\non_fire\non_fire_0234.jpg,non_fire,0
non_fire_0235.jpg,D:\My project\phan-loai-chay-datamining\data\raw\non_fire\non_fire_0235.jpg,non_fire,0
non_fire_0236.jpg,D:\My project\phan-loai-chay-datamining\data\raw\non_fire\non_fire_0236.jpg,non_fire,0
non_fire_0237.jpg,D:\My project\phan-loai-chay-datamining\data\raw\non_fire\non_fire_0237.jpg,non_fire,0
non_fire_0238.jpg,D:\My project\phan-loai-chay-datamining\data\raw\non_fire\non_fire_0238.jpg,non_fire,0
non_fire_0239.jpg,D:\My project\phan-loai-chay-datamining\data\raw\non_fire\non_fire_0239.jpg,non_fire,0
non_fire_0240.jpg,D:\My project\phan-loai-chay-datamining\data\raw\non_fire\non_fire_0240.jpg,non_fire,0
non_fire_0241.jpg,D:\My project\phan-loai-chay-datamining\data\raw\non_fire\non_fire_0241.jpg,non_fire,0
non_fire_0242.jpg,D:\My project\phan-loai-chay-datamining\data\raw\non_fire\non_fire_0242.jpg,non_fire,0
non_fire_0243.jpg,D:\My project\phan-loai-chay-datamining\data\raw\non_fire\non_fire_0243.jpg,non_fire,0
non_fire_0244.jpg,D:\My project\phan-loai-chay-datamining\data\raw\non_fire\non_fire_0244.jpg,non_fire,0
non_fire_0245.jpg,D:\My project\phan-loai-chay-datamining\data\raw\non_fire\non_fire_0245.jpg,non_fire,0
non_fire_0246.jpg,D:\My project\phan-loai-chay-datamining\data\raw\non_fire\non_fire_0246.jpg,non_fire,0
non_fire_0247.jpg,D:\My project\phan-loai-chay-datamining\data\raw\non_fire\non_fire_0247.jpg,non_fire,0
non_fire_0248.jpg,D:\My project\phan-loai-chay-datamining\data\raw\non_fire\non_fire_0248.jpg,non_fire,0
non_fire_0249.jpg,D:\My project\phan-loai-chay-datamining\data\raw\non_fire\non_fire_0249.jpg,non_fire,0
non_fire_0250.jpg,D:\My project\phan-loai-chay-datamining\data\raw\non_fire\non_fire_0250.jpg,non_fire,0
non_fire_0251.jpg,D:\My project\phan-loai-chay-datamining\data\raw\non_fire\non_fire_0251.jpg,non_fire,0
non_fire_0252.jpg,D:\My project\phan-loai-chay-datamining\data\raw\non_fire\non_fire_0252.jpg,non_fire,0
non_fire_0253.jpg,D:\My project\phan-loai-chay-datamining\data\raw\non_fire\non_fire_0253.jpg,non_fire,0
non_fire_0254.jpg,D:\My project\phan-loai-chay-datamining\data\raw\non_fire\non_fire_0254.jpg,non_fire,0
non_fire_0255.jpg,D:\My project\phan-loai-chay-datamining\data\raw\non_fire\non_fire_0255.jpg,non_fire,0
non_fire_0256.jpg,D:\My project\phan-loai-chay-datamining\data\raw\non_fire\non_fire_0256.jpg,non_fire,0
non_fire_0257.jpg,D:\My project\phan-loai-chay-datamining\data\raw\non_fire\non_fire_0257.jpg,non_fire,0
non_fire_0258.jpg,D:\My project\phan-loai-chay-datamining\data\raw\non_fire\non_fire_0258.jpg,non_fire,0
non_fire_0259.jpg,D:\My project\phan-loai-chay-datamining\data\raw\non_fire\non_fire_0259.jpg,non_fire,0
non_fire_0260.jpg,D:\My project\phan-loai-chay-datamining\data\raw\non_fire\non_fire_0260.jpg,non_fire,0
non_fire_0261.jpg,D:\My project\phan-loai-chay-datamining\data\raw\non_fire\non_fire_0261.jpg,non_fire,0
non_fire_0262.jpg,D:\My project\phan-loai-chay-datamining\data\raw\non_fire\non_fire_0262.jpg,non_fire,0
non_fire_0263.jpg,D:\My project\phan-loai-chay-datamining\data\raw\non_fire\non_fire_0263.jpg,non_fire,0
non_fire_0264.jpg,D:\My project\phan-loai-chay-datamining\data\raw\non_fire\non_fire_0264.jpg,non_fire,0
non_fire_0265.jpg,D:\My project\phan-loai-chay-datamining\data\raw\non_fire\non_fire_0265.jpg,non_fire,0
non_fire_0266.jpg,D:\My project\phan-loai-chay-datamining\data\raw\non_fire\non_fire_0266.jpg,non_fire,0
non_fire_0267.jpg,D:\My project\phan-loai-chay-datamining\data\raw\non_fire\non_fire_0267.jpg,non_fire,0
non_fire_0268.jpg,D:\My project\phan-loai-chay-datamining\data\raw\non_fire\non_fire_0268.jpg,non_fire,0
non_fire_0269.jpg,D:\My project\phan-loai-chay-datamining\data\raw\non_fire\non_fire_0269.jpg,non_fire,0
non_fire_0270.jpg,D:\My project\phan-loai-chay-datamining\data\raw\non_fire\non_fire_0270.jpg,non_fire,0
non_fire_0271.jpg,D:\My project\phan-loai-chay-datamining\data\raw\non_fire\non_fire_0271.jpg,non_fire,0
non_fire_0272.jpg,D:\My project\phan-loai-chay-datamining\data\raw\non_fire\non_fire_0272.jpg,non_fire,0
non_fire_0273.jpg,D:\My project\phan-loai-chay-datamining\data\raw\non_fire\non_fire_0273.jpg,non_fire,0
non_fire_0274.jpg,D:\My project\phan-loai-chay-datamining\data\raw\non_fire\non_fire_0274.jpg,non_fire,0
non_fire_0275.jpg,D:\My project\phan-loai-chay-datamining\data\raw\non_fire\non_fire_0275.jpg,non_fire,0
non_fire_0276.jpg,D:\My project\phan-loai-chay-datamining\data\raw\non_fire\non_fire_0276.jpg,non_fire,0
non_fire_0277.jpg,D:\My project\phan-loai-chay-datamining\data\raw\non_fire\non_fire_0277.jpg,non_fire,0
non_fire_0278.jpg,D:\My project\phan-loai-chay-datamining\data\raw\non_fire\non_fire_0278.jpg,non_fire,0
non_fire_0279.jpg,D:\My project\phan-loai-chay-datamining\data\raw\non_fire\non_fire_0279.jpg,non_fire,0
non_fire_0280.jpg,D:\My project\phan-loai-chay-datamining\data\raw\non_fire\non_fire_0280.jpg,non_fire,0
non_fire_0281.jpg,D:\My project\phan-loai-chay-datamining\data\raw\non_fire\non_fire_0281.jpg,non_fire,0
non_fire_0282.jpg,D:\My project\phan-loai-chay-datamining\data\raw\non_fire\non_fire_0282.jpg,non_fire,0
non_fire_0283.jpg,D:\My project\phan-loai-chay-datamining\data\raw\non_fire\non_fire_0283.jpg,non_fire,0
non_fire_0284.jpg,D:\My project\phan-loai-chay-datamining\data\raw\non_fire\non_fire_0284.jpg,non_fire,0
non_fire_0285.jpg,D:\My project\phan-loai-chay-datamining\data\raw\non_fire\non_fire_0285.jpg,non_fire,0
non_fire_0286.jpg,D:\My project\phan-loai-chay-datamining\data\raw\non_fire\non_fire_0286.jpg,non_fire,0
non_fire_0287.jpg,D:\My project\phan-loai-chay-datamining\data\raw\non_fire\non_fire_0287.jpg,non_fire,0
non_fire_0288.jpg,D:\My project\phan-loai-chay-datamining\data\raw\non_fire\non_fire_0288.jpg,non_fire,0
non_fire_0289.jpg,D:\My project\phan-loai-chay-datamining\data\raw\non_fire\non_fire_0289.jpg,non_fire,0
non_fire_0290.jpg,D:\My project\phan-loai-chay-datamining\data\raw\non_fire\non_fire_0290.jpg,non_fire,0
non_fire_0291.jpg,D:\My project\phan-loai-chay-datamining\data\raw\non_fire\non_fire_0291.jpg,non_fire,0
non_fire_0292.jpg,D:\My project\phan-loai-chay-datamining\data\raw\non_fire\non_fire_0292.jpg,non_fire,0
non_fire_0293.jpg,D:\My project\phan-loai-chay-datamining\data\raw\non_fire\non_fire_0293.jpg,non_fire,0
non_fire_0294.jpg,D:\My project\phan-loai-chay-datamining\data\raw\non_fire\non_fire_0294.jpg,non_fire,0
non_fire_0295.jpg,D:\My project\phan-loai-chay-datamining\data\raw\non_fire\non_fire_0295.jpg,non_fire,0
non_fire_0296.jpg,D:\My project\phan-loai-chay-datamining\data\raw\non_fire\non_fire_0296.jpg,non_fire,0
non_fire_0297.jpg,D:\My project\phan-loai-chay-datamining\data\raw\non_fire\non_fire_0297.jpg,non_fire,0
non_fire_0298.jpg,D:\My project\phan-loai-chay-datamining\data\raw\non_fire\non_fire_0298.jpg,non_fire,0
non_fire_0299.jpg,D:\My project\phan-loai-chay-datamining\data\raw\non_fire\non_fire_0299.jpg,non_fire,0
non_fire_0300.jpg,D:\My project\phan-loai-chay-datamining\data\raw\non_fire\non_fire_0300.jpg,non_fire,0
non_fire_0301.jpg,D:\My project\phan-loai-chay-datamining\data\raw\non_fire\non_fire_0301.jpg,non_fire,0
non_fire_0302.jpg,D:\My project\phan-loai-chay-datamining\data\raw\non_fire\non_fire_0302.jpg,non_fire,0
non_fire_0303.jpg,D:\My project\phan-loai-chay-datamining\data\raw\non_fire\non_fire_0303.jpg,non_fire,0
non_fire_0304.jpg,D:\My project\phan-loai-chay-datamining\data\raw\non_fire\non_fire_0304.jpg,non_fire,0
non_fire_0305.jpg,D:\My project\phan-loai-chay-datamining\data\raw\non_fire\non_fire_0305.jpg,non_fire,0
non_fire_0306.jpg,D:\My project\phan-loai-chay-datamining\data\raw\non_fire\non_fire_0306.jpg,non_fire,0
non_fire_0307.jpg,D:\My project\phan-loai-chay-datamining\data\raw\non_fire\non_fire_0307.jpg,non_fire,0
non_fire_0308.jpg,D:\My project\phan-loai-chay-datamining\data\raw\non_fire\non_fire_0308.jpg,non_fire,0
non_fire_0309.jpg,D:\My project\phan-loai-chay-datamining\data\raw\non_fire\non_fire_0309.jpg,non_fire,0
non_fire_0310.jpg,D:\My project\phan-loai-chay-datamining\data\raw\non_fire\non_fire_0310.jpg,non_fire,0
non_fire_0311.jpg,D:\My project\phan-loai-chay-datamining\data\raw\non_fire\non_fire_0311.jpg,non_fire,0
non_fire_0312.jpg,D:\My project\phan-loai-chay-datamining\data\raw\non_fire\non_fire_0312.jpg,non_fire,0
non_fire_0313.jpg,D:\My project\phan-loai-chay-datamining\data\raw\non_fire\non_fire_0313.jpg,non_fire,0
non_fire_0314.jpg,D:\My project\phan-loai-chay-datamining\data\raw\non_fire\non_fire_0314.jpg,non_fire,0
non_fire_0315.jpg,D:\My project\phan-loai-chay-datamining\data\raw\non_fire\non_fire_0315.jpg,non_fire,0
non_fire_0316.jpg,D:\My project\phan-loai-chay-datamining\data\raw\non_fire\non_fire_0316.jpg,non_fire,0
non_fire_0317.jpg,D:\My project\phan-loai-chay-datamining\data\raw\non_fire\non_fire_0317.jpg,non_fire,0
non_fire_0318.jpg,D:\My project\phan-loai-chay-datamining\data\raw\non_fire\non_fire_0318.jpg,non_fire,0
non_fire_0319.jpg,D:\My project\phan-loai-chay-datamining\data\raw\non_fire\non_fire_0319.jpg,non_fire,0
non_fire_0320.jpg,D:\My project\phan-loai-chay-datamining\data\raw\non_fire\non_fire_0320.jpg,non_fire,0
non_fire_0321.jpg,D:\My project\phan-loai-chay-datamining\data\raw\non_fire\non_fire_0321.jpg,non_fire,0
non_fire_0322.jpg,D:\My project\phan-loai-chay-datamining\data\raw\non_fire\non_fire_0322.jpg,non_fire,0
non_fire_0323.jpg,D:\My project\phan-loai-chay-datamining\data\raw\non_fire\non_fire_0323.jpg,non_fire,0
non_fire_0324.jpg,D:\My project\phan-loai-chay-datamining\data\raw\non_fire\non_fire_0324.jpg,non_fire,0
non_fire_0325.jpg,D:\My project\phan-loai-chay-datamining\data\raw\non_fire\non_fire_0325.jpg,non_fire,0
non_fire_0326.jpg,D:\My project\phan-loai-chay-datamining\data\raw\non_fire\non_fire_0326.jpg,non_fire,0
non_fire_0327.jpg,D:\My project\phan-loai-chay-datamining\data\raw\non_fire\non_fire_0327.jpg,non_fire,0
non_fire_0328.jpg,D:\My project\phan-loai-chay-datamining\data\raw\non_fire\non_fire_0328.jpg,non_fire,0
non_fire_0329.jpg,D:\My project\phan-loai-chay-datamining\data\raw\non_fire\non_fire_0329.jpg,non_fire,0
non_fire_0330.jpg,D:\My project\phan-loai-chay-datamining\data\raw\non_fire\non_fire_0330.jpg,non_fire,0
non_fire_0331.jpg,D:\My project\phan-loai-chay-datamining\data\raw\non_fire\non_fire_0331.jpg,non_fire,0
non_fire_0332.jpg,D:\My project\phan-loai-chay-datamining\data\raw\non_fire\non_fire_0332.jpg,non_fire,0
non_fire_0333.jpg,D:\My project\phan-loai-chay-datamining\data\raw\non_fire\non_fire_0333.jpg,non_fire,0
non_fire_0334.jpg,D:\My project\phan-loai-chay-datamining\data\raw\non_fire\non_fire_0334.jpg,non_fire,0
non_fire_0335.jpg,D:\My project\phan-loai-chay-datamining\data\raw\non_fire\non_fire_0335.jpg,non_fire,0
non_fire_0336.jpg,D:\My project\phan-loai-chay-datamining\data\raw\non_fire\non_fire_0336.jpg,non_fire,0
non_fire_0337.jpg,D:\My project\phan-loai-chay-datamining\data\raw\non_fire\non_fire_0337.jpg,non_fire,0
non_fire_0338.jpg,D:\My project\phan-loai-chay-datamining\data\raw\non_fire\non_fire_0338.jpg,non_fire,0
non_fire_0339.jpg,D:\My project\phan-loai-chay-datamining\data\raw\non_fire\non_fire_0339.jpg,non_fire,0
non_fire_0340.jpg,D:\My project\phan-loai-chay-datamining\data\raw\non_fire\non_fire_0340.jpg,non_fire,0
non_fire_0341.jpg,D:\My project\phan-loai-chay-datamining\data\raw\non_fire\non_fire_0341.jpg,non_fire,0
non_fire_0342.jpg,D:\My project\phan-loai-chay-datamining\data\raw\non_fire\non_fire_0342.jpg,non_fire,0
non_fire_0343.jpg,D:\My project\phan-loai-chay-datamining\data\raw\non_fire\non_fire_0343.jpg,non_fire,0
non_fire_0344.jpg,D:\My project\phan-loai-chay-datamining\data\raw\non_fire\non_fire_0344.jpg,non_fire,0
non_fire_0345.jpg,D:\My project\phan-loai-chay-datamining\data\raw\non_fire\non_fire_0345.jpg,non_fire,0
non_fire_0346.jpg,D:\My project\phan-loai-chay-datamining\data\raw\non_fire\non_fire_0346.jpg,non_fire,0
non_fire_0347.jpg,D:\My project\phan-loai-chay-datamining\data\raw\non_fire\non_fire_0347.jpg,non_fire,0
non_fire_0348.jpg,D:\My project\phan-loai-chay-datamining\data\raw\non_fire\non_fire_0348.jpg,non_fire,0
non_fire_0349.jpg,D:\My project\phan-loai-chay-datamining\data\raw\non_fire\non_fire_0349.jpg,non_fire,0
non_fire_0350.jpg,D:\My project\phan-loai-chay-datamining\data\raw\non_fire\non_fire_0350.jpg,non_fire,0
non_fire_0351.jpg,D:\My project\phan-loai-chay-datamining\data\raw\non_fire\non_fire_0351.jpg,non_fire,0
non_fire_0352.jpg,D:\My project\phan-loai-chay-datamining\data\raw\non_fire\non_fire_0352.jpg,non_fire,0
non_fire_0353.jpg,D:\My project\phan-loai-chay-datamining\data\raw\non_fire\non_fire_0353.jpg,non_fire,0
non_fire_0354.jpg,D:\My project\phan-loai-chay-datamining\data\raw\non_fire\non_fire_0354.jpg,non_fire,0
non_fire_0355.jpg,D:\My project\phan-loai-chay-datamining\data\raw\non_fire\non_fire_0355.jpg,non_fire,0
non_fire_0356.jpg,D:\My project\phan-loai-chay-datamining\data\raw\non_fire\non_fire_0356.jpg,non_fire,0
non_fire_0357.jpg,D:\My project\phan-loai-chay-datamining\data\raw\non_fire\non_fire_0357.jpg,non_fire,0
non_fire_0358.jpg,D:\My project\phan-loai-chay-datamining\data\raw\non_fire\non_fire_0358.jpg,non_fire,0
non_fire_0359.jpg,D:\My project\phan-loai-chay-datamining\data\raw\non_fire\non_fire_0359.jpg,non_fire,0
non_fire_0360.jpg,D:\My project\phan-loai-chay-datamining\data\raw\non_fire\non_fire_0360.jpg,non_fire,0
non_fire_0361.jpg,D:\My project\phan-loai-chay-datamining\data\raw\non_fire\non_fire_0361.jpg,non_fire,0
non_fire_0362.jpg,D:\My project\phan-loai-chay-datamining\data\raw\non_fire\non_fire_0362.jpg,non_fire,0
non_fire_0363.jpg,D:\My project\phan-loai-chay-datamining\data\raw\non_fire\non_fire_0363.jpg,non_fire,0
non_fire_0364.jpg,D:\My project\phan-loai-chay-datamining\data\raw\non_fire\non_fire_0364.jpg,non_fire,0
non_fire_0365.jpg,D:\My project\phan-loai-chay-datamining\data\raw\non_fire\non_fire_0365.jpg,non_fire,0
non_fire_0366.jpg,D:\My project\phan-loai-chay-datamining\data\raw\non_fire\non_fire_0366.jpg,non_fire,0
non_fire_0367.jpg,D:\My project\phan-loai-chay-datamining\data\raw\non_fire\non_fire_0367.jpg,non_fire,0
non_fire_0368.jpg,D:\My project\phan-loai-chay-datamining\data\raw\non_fire\non_fire_0368.jpg,non_fire,0
non_fire_0369.jpg,D:\My project\phan-loai-chay-datamining\data\raw\non_fire\non_fire_0369.jpg,non_fire,0
non_fire_0370.jpg,D:\My project\phan-loai-chay-datamining\data\raw\non_fire\non_fire_0370.jpg,non_fire,0
non_fire_0371.jpg,D:\My project\phan-loai-chay-datamining\data\raw\non_fire\non_fire_0371.jpg,non_fire,0
non_fire_0372.jpg,D:\My project\phan-loai-chay-datamining\data\raw\non_fire\non_fire_0372.jpg,non_fire,0
non_fire_0373.jpg,D:\My project\phan-loai-chay-datamining\data\raw\non_fire\non_fire_0373.jpg,non_fire,0
non_fire_0374.jpg,D:\My project\phan-loai-chay-datamining\data\raw\non_fire\non_fire_0374.jpg,non_fire,0
non_fire_0375.jpg,D:\My project\phan-loai-chay-datamining\data\raw\non_fire\non_fire_0375.jpg,non_fire,0
non_fire_0376.jpg,D:\My project\phan-loai-chay-datamining\data\raw\non_fire\non_fire_0376.jpg,non_fire,0
non_fire_0377.jpg,D:\My project\phan-loai-chay-datamining\data\raw\non_fire\non_fire_0377.jpg,non_fire,0
non_fire_0378.jpg,D:\My project\phan-loai-chay-datamining\data\raw\non_fire\non_fire_0378.jpg,non_fire,0
non_fire_0379.jpg,D:\My project\phan-loai-chay-datamining\data\raw\non_fire\non_fire_0379.jpg,non_fire,0
non_fire_0380.jpg,D:\My project\phan-loai-chay-datamining\data\raw\non_fire\non_fire_0380.jpg,non_fire,0
non_fire_0381.jpg,D:\My project\phan-loai-chay-datamining\data\raw\non_fire\non_fire_0381.jpg,non_fire,0
non_fire_0382.jpg,D:\My project\phan-loai-chay-datamining\data\raw\non_fire\non_fire_0382.jpg,non_fire,0
non_fire_0383.jpg,D:\My project\phan-loai-chay-datamining\data\raw\non_fire\non_fire_0383.jpg,non_fire,0
non_fire_0384.jpg,D:\My project\phan-loai-chay-datamining\data\raw\non_fire\non_fire_0384.jpg,non_fire,0
non_fire_0385.jpg,D:\My project\phan-loai-chay-datamining\data\raw\non_fire\non_fire_0385.jpg,non_fire,0
non_fire_0386.jpg,D:\My project\phan-loai-chay-datamining\data\raw\non_fire\non_fire_0386.jpg,non_fire,0
non_fire_0387.jpg,D:\My project\phan-loai-chay-datamining\data\raw\non_fire\non_fire_0387.jpg,non_fire,0
non_fire_0388.jpg,D:\My project\phan-loai-chay-datamining\data\raw\non_fire\non_fire_0388.jpg,non_fire,0
non_fire_0389.jpg,D:\My project\phan-loai-chay-datamining\data\raw\non_fire\non_fire_0389.jpg,non_fire,0
non_fire_0390.jpg,D:\My project\phan-loai-chay-datamining\data\raw\non_fire\non_fire_0390.jpg,non_fire,0
non_fire_0391.jpg,D:\My project\phan-loai-chay-datamining\data\raw\non_fire\non_fire_0391.jpg,non_fire,0
non_fire_0392.jpg,D:\My project\phan-loai-chay-datamining\data\raw\non_fire\non_fire_0392.jpg,non_fire,0
non_fire_0393.jpg,D:\My project\phan-loai-chay-datamining\data\raw\non_fire\non_fire_0393.jpg,non_fire,0
non_fire_0394.jpg,D:\My project\phan-loai-chay-datamining\data\raw\non_fire\non_fire_0394.jpg,non_fire,0
non_fire_0395.jpg,D:\My project\phan-loai-chay-datamining\data\raw\non_fire\non_fire_0395.jpg,non_fire,0
non_fire_0396.jpg,D:\My project\phan-loai-chay-datamining\data\raw\non_fire\non_fire_0396.jpg,non_fire,0
non_fire_0397.jpg,D:\My project\phan-loai-chay-datamining\data\raw\non_fire\non_fire_0397.jpg,non_fire,0
non_fire_0398.jpg,D:\My project\phan-loai-chay-datamining\data\raw\non_fire\non_fire_0398.jpg,non_fire,0
non_fire_0399.jpg,D:\My project\phan-loai-chay-datamining\data\raw\non_fire\non_fire_0399.jpg,non_fire,0
non_fire_0400.jpg,D:\My project\phan-loai-chay-datamining\data\raw\non_fire\non_fire_0400.jpg,non_fire,0
non_fire_0401.jpg,D:\My project\phan-loai-chay-datamining\data\raw\non_fire\non_fire_0401.jpg,non_fire,0
non_fire_0402.jpg,D:\My project\phan-loai-chay-datamining\data\raw\non_fire\non_fire_0402.jpg,non_fire,0
non_fire_0403.jpg,D:\My project\phan-loai-chay-datamining\data\raw\non_fire\non_fire_0403.jpg,non_fire,0
non_fire_0404.jpg,D:\My project\phan-loai-chay-datamining\data\raw\non_fire\non_fire_0404.jpg,non_fire,0
non_fire_0405.jpg,D:\My project\phan-loai-chay-datamining\data\raw\non_fire\non_fire_0405.jpg,non_fire,0
non_fire_0406.jpg,D:\My project\phan-loai-chay-datamining\data\raw\non_fire\non_fire_0406.jpg,non_fire,0
non_fire_0407.jpg,D:\My project\phan-loai-chay-datamining\data\raw\non_fire\non_fire_0407.jpg,non_fire,0
non_fire_0408.jpg,D:\My project\phan-loai-chay-datamining\data\raw\non_fire\non_fire_0408.jpg,non_fire,0
non_fire_0409.jpg,D:\My project\phan-loai-chay-datamining\data\raw\non_fire\non_fire_0409.jpg,non_fire,0
non_fire_0410.jpg,D:\My project\phan-loai-chay-datamining\data\raw\non_fire\non_fire_0410.jpg,non_fire,0
non_fire_0411.jpg,D:\My project\phan-loai-chay-datamining\data\raw\non_fire\non_fire_0411.jpg,non_fire,0
non_fire_0412.jpg,D:\My project\phan-loai-chay-datamining\data\raw\non_fire\non_fire_0412.jpg,non_fire,0
non_fire_0413.jpg,D:\My project\phan-loai-chay-datamining\data\raw\non_fire\non_fire_0413.jpg,non_fire,0
non_fire_0414.jpg,D:\My project\phan-loai-chay-datamining\data\raw\non_fire\non_fire_0414.jpg,non_fire,0
non_fire_0415.jpg,D:\My project\phan-loai-chay-datamining\data\raw\non_fire\non_fire_0415.jpg,non_fire,0
non_fire_0416.jpg,D:\My project\phan-loai-chay-datamining\data\raw\non_fire\non_fire_0416.jpg,non_fire,0
non_fire_0417.jpg,D:\My project\phan-loai-chay-datamining\data\raw\non_fire\non_fire_0417.jpg,non_fire,0
non_fire_0418.jpg,D:\My project\phan-loai-chay-datamining\data\raw\non_fire\non_fire_0418.jpg,non_fire,0
non_fire_0419.jpg,D:\My project\phan-loai-chay-datamining\data\raw\non_fire\non_fire_0419.jpg,non_fire,0
non_fire_0420.jpg,D:\My project\phan-loai-chay-datamining\data\raw\non_fire\non_fire_0420.jpg,non_fire,0
non_fire_0421.jpg,D:\My project\phan-loai-chay-datamining\data\raw\non_fire\non_fire_0421.jpg,non_fire,0
non_fire_0422.jpg,D:\My project\phan-loai-chay-datamining\data\raw\non_fire\non_fire_0422.jpg,non_fire,0
non_fire_0423.jpg,D:\My project\phan-loai-chay-datamining\data\raw\non_fire\non_fire_0423.jpg,non_fire,0
non_fire_0424.jpg,D:\My project\phan-loai-chay-datamining\data\raw\non_fire\non_fire_0424.jpg,non_fire,0
non_fire_0425.jpg,D:\My project\phan-loai-chay-datamining\data\raw\non_fire\non_fire_0425.jpg,non_fire,0
non_fire_0426.jpg,D:\My project\phan-loai-chay-datamining\data\raw\non_fire\non_fire_0426.jpg,non_fire,0
non_fire_0427.jpg,D:\My project\phan-loai-chay-datamining\data\raw\non_fire\non_fire_0427.jpg,non_fire,0
non_fire_0428.jpg,D:\My project\phan-loai-chay-datamining\data\raw\non_fire\non_fire_0428.jpg,non_fire,0
non_fire_0429.jpg,D:\My project\phan-loai-chay-datamining\data\raw\non_fire\non_fire_0429.jpg,non_fire,0
non_fire_0430.jpg,D:\My project\phan-loai-chay-datamining\data\raw\non_fire\non_fire_0430.jpg,non_fire,0
non_fire_0431.jpg,D:\My project\phan-loai-chay-datamining\data\raw\non_fire\non_fire_0431.jpg,non_fire,0
non_fire_0432.jpg,D:\My project\phan-loai-chay-datamining\data\raw\non_fire\non_fire_0432.jpg,non_fire,0
non_fire_0433.jpg,D:\My project\phan-loai-chay-datamining\data\raw\non_fire\non_fire_0433.jpg,non_fire,0
non_fire_0434.jpg,D:\My project\phan-loai-chay-datamining\data\raw\non_fire\non_fire_0434.jpg,non_fire,0
non_fire_0435.jpg,D:\My project\phan-loai-chay-datamining\data\raw\non_fire\non_fire_0435.jpg,non_fire,0
non_fire_0436.jpg,D:\My project\phan-loai-chay-datamining\data\raw\non_fire\non_fire_0436.jpg,non_fire,0
non_fire_0437.jpg,D:\My project\phan-loai-chay-datamining\data\raw\non_fire\non_fire_0437.jpg,non_fire,0
non_fire_0438.jpg,D:\My project\phan-loai-chay-datamining\data\raw\non_fire\non_fire_0438.jpg,non_fire,0
non_fire_0439.jpg,D:\My project\phan-loai-chay-datamining\data\raw\non_fire\non_fire_0439.jpg,non_fire,0
non_fire_0440.jpg,D:\My project\phan-loai-chay-datamining\data\raw\non_fire\non_fire_0440.jpg,non_fire,0
non_fire_0441.jpg,D:\My project\phan-loai-chay-datamining\data\raw\non_fire\non_fire_0441.jpg,non_fire,0
non_fire_0442.jpg,D:\My project\phan-loai-chay-datamining\data\raw\non_fire\non_fire_0442.jpg,non_fire,0
non_fire_0443.jpg,D:\My project\phan-loai-chay-datamining\data\raw\non_fire\non_fire_0443.jpg,non_fire,0
non_fire_0444.jpg,D:\My project\phan-loai-chay-datamining\data\raw\non_fire\non_fire_0444.jpg,non_fire,0
non_fire_0445.jpg,D:\My project\phan-loai-chay-datamining\data\raw\non_fire\non_fire_0445.jpg,non_fire,0
non_fire_0446.jpg,D:\My project\phan-loai-chay-datamining\data\raw\non_fire\non_fire_0446.jpg,non_fire,0
non_fire_0447.jpg,D:\My project\phan-loai-chay-datamining\data\raw\non_fire\non_fire_0447.jpg,non_fire,0
non_fire_0448.jpg,D:\My project\phan-loai-chay-datamining\data\raw\non_fire\non_fire_0448.jpg,non_fire,0
non_fire_0449.jpg,D:\My project\phan-loai-chay-datamining\data\raw\non_fire\non_fire_0449.jpg,non_fire,0
non_fire_0450.jpg,D:\My project\phan-loai-chay-datamining\data\raw\non_fire\non_fire_0450.jpg,non_fire,0
fire_0001.jpg,D:\My project\phan-loai-chay-datamining\data\raw\fire\fire_0001.jpg,fire,1
fire_0002.jpg,D:\My project\phan-loai-chay-datamining\data\raw\fire\fire_0002.jpg,fire,1
fire_0003.jpg,D:\My project\phan-loai-chay-datamining\data\raw\fire\fire_0003.jpg,fire,1
fire_0004.jpg,D:\My project\phan-loai-chay-datamining\data\raw\fire\fire_0004.jpg,fire,1
fire_0005.jpg,D:\My project\phan-loai-chay-datamining\data\raw\fire\fire_0005.jpg,fire,1
fire_0006.jpg,D:\My project\phan-loai-chay-datamining\data\raw\fire\fire_0006.jpg,fire,1
fire_0007.jpg,D:\My project\phan-loai-chay-datamining\data\raw\fire\fire_0007.jpg,fire,1
fire_0008.jpg,D:\My project\phan-loai-chay-datamining\data\raw\fire\fire_0008.jpg,fire,1
fire_0009.jpg,D:\My project\phan-loai-chay-datamining\data\raw\fire\fire_0009.jpg,fire,1
fire_0010.jpg,D:\My project\phan-loai-chay-datamining\data\raw\fire\fire_0010.jpg,fire,1
fire_0011.jpg,D:\My project\phan-loai-chay-datamining\data\raw\fire\fire_0011.jpg,fire,1
fire_0012.jpg,D:\My project\phan-loai-chay-datamining\data\raw\fire\fire_0012.jpg,fire,1
fire_0013.jpg,D:\My project\phan-loai-chay-datamining\data\raw\fire\fire_0013.jpg,fire,1
fire_0014.jpg,D:\My project\phan-loai-chay-datamining\data\raw\fire\fire_0014.jpg,fire,1
fire_0015.jpg,D:\My project\phan-loai-chay-datamining\data\raw\fire\fire_0015.jpg,fire,1
fire_0016.jpg,D:\My project\phan-loai-chay-datamining\data\raw\fire\fire_0016.jpg,fire,1
fire_0017.jpg,D:\My project\phan-loai-chay-datamining\data\raw\fire\fire_0017.jpg,fire,1
fire_0018.jpg,D:\My project\phan-loai-chay-datamining\data\raw\fire\fire_0018.jpg,fire,1
fire_0019.jpg,D:\My project\phan-loai-chay-datamining\data\raw\fire\fire_0019.jpg,fire,1
fire_0020.jpg,D:\My project\phan-loai-chay-datamining\data\raw\fire\fire_0020.jpg,fire,1
fire_0021.jpg,D:\My project\phan-loai-chay-datamining\data\raw\fire\fire_0021.jpg,fire,1
fire_0022.jpg,D:\My project\phan-loai-chay-datamining\data\raw\fire\fire_0022.jpg,fire,1
fire_0023.jpg,D:\My project\phan-loai-chay-datamining\data\raw\fire\fire_0023.jpg,fire,1
fire_0024.jpg,D:\My project\phan-loai-chay-datamining\data\raw\fire\fire_0024.jpg,fire,1
fire_0025.jpg,D:\My project\phan-loai-chay-datamining\data\raw\fire\fire_0025.jpg,fire,1
fire_0026.jpg,D:\My project\phan-loai-chay-datamining\data\raw\fire\fire_0026.jpg,fire,1
fire_0027.jpg,D:\My project\phan-loai-chay-datamining\data\raw\fire\fire_0027.jpg,fire,1
fire_0028.jpg,D:\My project\phan-loai-chay-datamining\data\raw\fire\fire_0028.jpg,fire,1
fire_0029.jpg,D:\My project\phan-loai-chay-datamining\data\raw\fire\fire_0029.jpg,fire,1
fire_0030.jpg,D:\My project\phan-loai-chay-datamining\data\raw\fire\fire_0030.jpg,fire,1
fire_0031.jpg,D:\My project\phan-loai-chay-datamining\data\raw\fire\fire_0031.jpg,fire,1
fire_0032.jpg,D:\My project\phan-loai-chay-datamining\data\raw\fire\fire_0032.jpg,fire,1
fire_0033.jpg,D:\My project\phan-loai-chay-datamining\data\raw\fire\fire_0033.jpg,fire,1
fire_0034.jpg,D:\My project\phan-loai-chay-datamining\data\raw\fire\fire_0034.jpg,fire,1
fire_0035.jpg,D:\My project\phan-loai-chay-datamining\data\raw\fire\fire_0035.jpg,fire,1
fire_0036.jpg,D:\My project\phan-loai-chay-datamining\data\raw\fire\fire_0036.jpg,fire,1
fire_0037.jpg,D:\My project\phan-loai-chay-datamining\data\raw\fire\fire_0037.jpg,fire,1
fire_0038.jpg,D:\My project\phan-loai-chay-datamining\data\raw\fire\fire_0038.jpg,fire,1
fire_0039.jpg,D:\My project\phan-loai-chay-datamining\data\raw\fire\fire_0039.jpg,fire,1
fire_0040.jpg,D:\My project\phan-loai-chay-datamining\data\raw\fire\fire_0040.jpg,fire,1
fire_0041.jpg,D:\My project\phan-loai-chay-datamining\data\raw\fire\fire_0041.jpg,fire,1
fire_0042.jpg,D:\My project\phan-loai-chay-datamining\data\raw\fire\fire_0042.jpg,fire,1
fire_0043.jpg,D:\My project\phan-loai-chay-datamining\data\raw\fire\fire_0043.jpg,fire,1
fire_0044.jpg,D:\My project\phan-loai-chay-datamining\data\raw\fire\fire_0044.jpg,fire,1
fire_0045.jpg,D:\My project\phan-loai-chay-datamining\data\raw\fire\fire_0045.jpg,fire,1
fire_0046.jpg,D:\My project\phan-loai-chay-datamining\data\raw\fire\fire_0046.jpg,fire,1
fire_0047.jpg,D:\My project\phan-loai-chay-datamining\data\raw\fire\fire_0047.jpg,fire,1
fire_0048.jpg,D:\My project\phan-loai-chay-datamining\data\raw\fire\fire_0048.jpg,fire,1
fire_0049.jpg,D:\My project\phan-loai-chay-datamining\data\raw\fire\fire_0049.jpg,fire,1
fire_0050.jpg,D:\My project\phan-loai-chay-datamining\data\raw\fire\fire_0050.jpg,fire,1
fire_0051.jpg,D:\My project\phan-loai-chay-datamining\data\raw\fire\fire_0051.jpg,fire,1
fire_0052.jpg,D:\My project\phan-loai-chay-datamining\data\raw\fire\fire_0052.jpg,fire,1
fire_0053.jpg,D:\My project\phan-loai-chay-datamining\data\raw\fire\fire_0053.jpg,fire,1
fire_0054.jpg,D:\My project\phan-loai-chay-datamining\data\raw\fire\fire_0054.jpg,fire,1
fire_0055.jpg,D:\My project\phan-loai-chay-datamining\data\raw\fire\fire_0055.jpg,fire,1
fire_0056.jpg,D:\My project\phan-loai-chay-datamining\data\raw\fire\fire_0056.jpg,fire,1
fire_0057.jpg,D:\My project\phan-loai-chay-datamining\data\raw\fire\fire_0057.jpg,fire,1
fire_0058.jpg,D:\My project\phan-loai-chay-datamining\data\raw\fire\fire_0058.jpg,fire,1
fire_0059.jpg,D:\My project\phan-loai-chay-datamining\data\raw\fire\fire_0059.jpg,fire,1
fire_0060.jpg,D:\My project\phan-loai-chay-datamining\data\raw\fire\fire_0060.jpg,fire,1
fire_0061.jpg,D:\My project\phan-loai-chay-datamining\data\raw\fire\fire_0061.jpg,fire,1
fire_0062.jpg,D:\My project\phan-loai-chay-datamining\data\raw\fire\fire_0062.jpg,fire,1
fire_0063.jpg,D:\My project\phan-loai-chay-datamining\data\raw\fire\fire_0063.jpg,fire,1
fire_0064.jpg,D:\My project\phan-loai-chay-datamining\data\raw\fire\fire_0064.jpg,fire,1
fire_0065.jpg,D:\My project\phan-loai-chay-datamining\data\raw\fire\fire_0065.jpg,fire,1
fire_0066.jpg,D:\My project\phan-loai-chay-datamining\data\raw\fire\fire_0066.jpg,fire,1
fire_0067.jpg,D:\My project\phan-loai-chay-datamining\data\raw\fire\fire_0067.jpg,fire,1
fire_0068.jpg,D:\My project\phan-loai-chay-datamining\data\raw\fire\fire_0068.jpg,fire,1
fire_0069.jpg,D:\My project\phan-loai-chay-datamining\data\raw\fire\fire_0069.jpg,fire,1
fire_0070.jpg,D:\My project\phan-loai-chay-datamining\data\raw\fire\fire_0070.jpg,fire,1
fire_0071.jpg,D:\My project\phan-loai-chay-datamining\data\raw\fire\fire_0071.jpg,fire,1
fire_0072.jpg,D:\My project\phan-loai-chay-datamining\data\raw\fire\fire_0072.jpg,fire,1
fire_0073.jpg,D:\My project\phan-loai-chay-datamining\data\raw\fire\fire_0073.jpg,fire,1
fire_0074.jpg,D:\My project\phan-loai-chay-datamining\data\raw\fire\fire_0074.jpg,fire,1
fire_0075.jpg,D:\My project\phan-loai-chay-datamining\data\raw\fire\fire_0075.jpg,fire,1
fire_0076.jpg,D:\My project\phan-loai-chay-datamining\data\raw\fire\fire_0076.jpg,fire,1
fire_0077.jpg,D:\My project\phan-loai-chay-datamining\data\raw\fire\fire_0077.jpg,fire,1
fire_0078.jpg,D:\My project\phan-loai-chay-datamining\data\raw\fire\fire_0078.jpg,fire,1
fire_0079.jpg,D:\My project\phan-loai-chay-datamining\data\raw\fire\fire_0079.jpg,fire,1
fire_0080.jpg,D:\My project\phan-loai-chay-datamining\data\raw\fire\fire_0080.jpg,fire,1
fire_0081.jpg,D:\My project\phan-loai-chay-datamining\data\raw\fire\fire_0081.jpg,fire,1
fire_0082.jpg,D:\My project\phan-loai-chay-datamining\data\raw\fire\fire_0082.jpg,fire,1
fire_0083.jpg,D:\My project\phan-loai-chay-datamining\data\raw\fire\fire_0083.jpg,fire,1
fire_0084.jpg,D:\My project\phan-loai-chay-datamining\data\raw\fire\fire_0084.jpg,fire,1
fire_0085.jpg,D:\My project\phan-loai-chay-datamining\data\raw\fire\fire_0085.jpg,fire,1
fire_0086.jpg,D:\My project\phan-loai-chay-datamining\data\raw\fire\fire_0086.jpg,fire,1
fire_0087.jpg,D:\My project\phan-loai-chay-datamining\data\raw\fire\fire_0087.jpg,fire,1
fire_0088.jpg,D:\My project\phan-loai-chay-datamining\data\raw\fire\fire_0088.jpg,fire,1
fire_0089.jpg,D:\My project\phan-loai-chay-datamining\data\raw\fire\fire_0089.jpg,fire,1
fire_0090.jpg,D:\My project\phan-loai-chay-datamining\data\raw\fire\fire_0090.jpg,fire,1
fire_0091.jpg,D:\My project\phan-loai-chay-datamining\data\raw\fire\fire_0091.jpg,fire,1
fire_0092.jpg,D:\My project\phan-loai-chay-datamining\data\raw\fire\fire_0092.jpg,fire,1
fire_0093.jpg,D:\My project\phan-loai-chay-datamining\data\raw\fire\fire_0093.jpg,fire,1
fire_0094.jpg,D:\My project\phan-loai-chay-datamining\data\raw\fire\fire_0094.jpg,fire,1
fire_0095.jpg,D:\My project\phan-loai-chay-datamining\data\raw\fire\fire_0095.jpg,fire,1
fire_0096.jpg,D:\My project\phan-loai-chay-datamining\data\raw\fire\fire_0096.jpg,fire,1
fire_0097.jpg,D:\My project\phan-loai-chay-datamining\data\raw\fire\fire_0097.jpg,fire,1
fire_0098.jpg,D:\My project\phan-loai-chay-datamining\data\raw\fire\fire_0098.jpg,fire,1
fire_0099.jpg,D:\My project\phan-loai-chay-datamining\data\raw\fire\fire_0099.jpg,fire,1
fire_0100.jpg,D:\My project\phan-loai-chay-datamining\data\raw\fire\fire_0100.jpg,fire,1
fire_0101.jpg,D:\My project\phan-loai-chay-datamining\data\raw\fire\fire_0101.jpg,fire,1
fire_0102.jpg,D:\My project\phan-loai-chay-datamining\data\raw\fire\fire_0102.jpg,fire,1
fire_0103.jpg,D:\My project\phan-loai-chay-datamining\data\raw\fire\fire_0103.jpg,fire,1
fire_0104.jpg,D:\My project\phan-loai-chay-datamining\data\raw\fire\fire_0104.jpg,fire,1
fire_0105.jpg,D:\My project\phan-loai-chay-datamining\data\raw\fire\fire_0105.jpg,fire,1
fire_0106.jpg,D:\My project\phan-loai-chay-datamining\data\raw\fire\fire_0106.jpg,fire,1
fire_0107.jpg,D:\My project\phan-loai-chay-datamining\data\raw\fire\fire_0107.jpg,fire,1
fire_0108.jpg,D:\My project\phan-loai-chay-datamining\data\raw\fire\fire_0108.jpg,fire,1
fire_0109.jpg,D:\My project\phan-loai-chay-datamining\data\raw\fire\fire_0109.jpg,fire,1
fire_0110.jpg,D:\My project\phan-loai-chay-datamining\data\raw\fire\fire_0110.jpg,fire,1
fire_0111.jpg,D:\My project\phan-loai-chay-datamining\data\raw\fire\fire_0111.jpg,fire,1
fire_0112.jpg,D:\My project\phan-loai-chay-datamining\data\raw\fire\fire_0112.jpg,fire,1
fire_0113.jpg,D:\My project\phan-loai-chay-datamining\data\raw\fire\fire_0113.jpg,fire,1
fire_0114.jpg,D:\My project\phan-loai-chay-datamining\data\raw\fire\fire_0114.jpg,fire,1
fire_0115.jpg,D:\My project\phan-loai-chay-datamining\data\raw\fire\fire_0115.jpg,fire,1
fire_0116.jpg,D:\My project\phan-loai-chay-datamining\data\raw\fire\fire_0116.jpg,fire,1
fire_0117.jpg,D:\My project\phan-loai-chay-datamining\data\raw\fire\fire_0117.jpg,fire,1
fire_0118.jpg,D:\My project\phan-loai-chay-datamining\data\raw\fire\fire_0118.jpg,fire,1
fire_0119.jpg,D:\My project\phan-loai-chay-datamining\data\raw\fire\fire_0119.jpg,fire,1
fire_0120.jpg,D:\My project\phan-loai-chay-datamining\data\raw\fire\fire_0120.jpg,fire,1
fire_0121.jpg,D:\My project\phan-loai-chay-datamining\data\raw\fire\fire_0121.jpg,fire,1
fire_0122.jpg,D:\My project\phan-loai-chay-datamining\data\raw\fire\fire_0122.jpg,fire,1
fire_0123.jpg,D:\My project\phan-loai-chay-datamining\data\raw\fire\fire_0123.jpg,fire,1
fire_0124.jpg,D:\My project\phan-loai-chay-datamining\data\raw\fire\fire_0124.jpg,fire,1
fire_0125.jpg,D:\My project\phan-loai-chay-datamining\data\raw\fire\fire_0125.jpg,fire,1
fire_0126.jpg,D:\My project\phan-loai-chay-datamining\data\raw\fire\fire_0126.jpg,fire,1
fire_0127.jpg,D:\My project\phan-loai-chay-datamining\data\raw\fire\fire_0127.jpg,fire,1
fire_0128.jpg,D:\My project\phan-loai-chay-datamining\data\raw\fire\fire_0128.jpg,fire,1
fire_0129.jpg,D:\My project\phan-loai-chay-datamining\data\raw\fire\fire_0129.jpg,fire,1
fire_0130.jpg,D:\My project\phan-loai-chay-datamining\data\raw\fire\fire_0130.jpg,fire,1
fire_0131.jpg,D:\My project\phan-loai-chay-datamining\data\raw\fire\fire_0131.jpg,fire,1
fire_0132.jpg,D:\My project\phan-loai-chay-datamining\data\raw\fire\fire_0132.jpg,fire,1
fire_0133.jpg,D:\My project\phan-loai-chay-datamining\data\raw\fire\fire_0133.jpg,fire,1
fire_0134.jpg,D:\My project\phan-loai-chay-datamining\data\raw\fire\fire_0134.jpg,fire,1
fire_0135.jpg,D:\My project\phan-loai-chay-datamining\data\raw\fire\fire_0135.jpg,fire,1
fire_0136.jpg,D:\My project\phan-loai-chay-datamining\data\raw\fire\fire_0136.jpg,fire,1
fire_0137.jpg,D:\My project\phan-loai-chay-datamining\data\raw\fire\fire_0137.jpg,fire,1
fire_0138.jpg,D:\My project\phan-loai-chay-datamining\data\raw\fire\fire_0138.jpg,fire,1
fire_0139.jpg,D:\My project\phan-loai-chay-datamining\data\raw\fire\fire_0139.jpg,fire,1
fire_0140.jpg,D:\My project\phan-loai-chay-datamining\data\raw\fire\fire_0140.jpg,fire,1
fire_0141.jpg,D:\My project\phan-loai-chay-datamining\data\raw\fire\fire_0141.jpg,fire,1
fire_0142.jpg,D:\My project\phan-loai-chay-datamining\data\raw\fire\fire_0142.jpg,fire,1
fire_0143.jpg,D:\My project\phan-loai-chay-datamining\data\raw\fire\fire_0143.jpg,fire,1
fire_0144.jpg,D:\My project\phan-loai-chay-datamining\data\raw\fire\fire_0144.jpg,fire,1
fire_0145.jpg,D:\My project\phan-loai-chay-datamining\data\raw\fire\fire_0145.jpg,fire,1
fire_0146.jpg,D:\My project\phan-loai-chay-datamining\data\raw\fire\fire_0146.jpg,fire,1
fire_0147.jpg,D:\My project\phan-loai-chay-datamining\data\raw\fire\fire_0147.jpg,fire,1
fire_0148.jpg,D:\My project\phan-loai-chay-datamining\data\raw\fire\fire_0148.jpg,fire,1
fire_0149.jpg,D:\My project\phan-loai-chay-datamining\data\raw\fire\fire_0149.jpg,fire,1
fire_0150.jpg,D:\My project\phan-loai-chay-datamining\data\raw\fire\fire_0150.jpg,fire,1
fire_0151.jpg,D:\My project\phan-loai-chay-datamining\data\raw\fire\fire_0151.jpg,fire,1
fire_0152.jpg,D:\My project\phan-loai-chay-datamining\data\raw\fire\fire_0152.jpg,fire,1
fire_0153.jpg,D:\My project\phan-loai-chay-datamining\data\raw\fire\fire_0153.jpg,fire,1
fire_0154.jpg,D:\My project\phan-loai-chay-datamining\data\raw\fire\fire_0154.jpg,fire,1
fire_0155.jpg,D:\My project\phan-loai-chay-datamining\data\raw\fire\fire_0155.jpg,fire,1
fire_0156.jpg,D:\My project\phan-loai-chay-datamining\data\raw\fire\fire_0156.jpg,fire,1
fire_0157.jpg,D:\My project\phan-loai-chay-datamining\data\raw\fire\fire_0157.jpg,fire,1
fire_0158.jpg,D:\My project\phan-loai-chay-datamining\data\raw\fire\fire_0158.jpg,fire,1
fire_0159.jpg,D:\My project\phan-loai-chay-datamining\data\raw\fire\fire_0159.jpg,fire,1
fire_0160.jpg,D:\My project\phan-loai-chay-datamining\data\raw\fire\fire_0160.jpg,fire,1
fire_0161.jpg,D:\My project\phan-loai-chay-datamining\data\raw\fire\fire_0161.jpg,fire,1
fire_0162.jpg,D:\My project\phan-loai-chay-datamining\data\raw\fire\fire_0162.jpg,fire,1
fire_0163.jpg,D:\My project\phan-loai-chay-datamining\data\raw\fire\fire_0163.jpg,fire,1
fire_0164.jpg,D:\My project\phan-loai-chay-datamining\data\raw\fire\fire_0164.jpg,fire,1
fire_0165.jpg,D:\My project\phan-loai-chay-datamining\data\raw\fire\fire_0165.jpg,fire,1
fire_0166.jpg,D:\My project\phan-loai-chay-datamining\data\raw\fire\fire_0166.jpg,fire,1
fire_0167.jpg,D:\My project\phan-loai-chay-datamining\data\raw\fire\fire_0167.jpg,fire,1
fire_0168.jpg,D:\My project\phan-loai-chay-datamining\data\raw\fire\fire_0168.jpg,fire,1
fire_0169.jpg,D:\My project\phan-loai-chay-datamining\data\raw\fire\fire_0169.jpg,fire,1
fire_0170.jpg,D:\My project\phan-loai-chay-datamining\data\raw\fire\fire_0170.jpg,fire,1
fire_0171.jpg,D:\My project\phan-loai-chay-datamining\data\raw\fire\fire_0171.jpg,fire,1
fire_0172.jpg,D:\My project\phan-loai-chay-datamining\data\raw\fire\fire_0172.jpg,fire,1
fire_0173.jpg,D:\My project\phan-loai-chay-datamining\data\raw\fire\fire_0173.jpg,fire,1
fire_0174.jpg,D:\My project\phan-loai-chay-datamining\data\raw\fire\fire_0174.jpg,fire,1
fire_0175.jpg,D:\My project\phan-loai-chay-datamining\data\raw\fire\fire_0175.jpg,fire,1
fire_0176.jpg,D:\My project\phan-loai-chay-datamining\data\raw\fire\fire_0176.jpg,fire,1
fire_0177.jpg,D:\My project\phan-loai-chay-datamining\data\raw\fire\fire_0177.jpg,fire,1
fire_0178.jpg,D:\My project\phan-loai-chay-datamining\data\raw\fire\fire_0178.jpg,fire,1
fire_0179.jpg,D:\My project\phan-loai-chay-datamining\data\raw\fire\fire_0179.jpg,fire,1
fire_0180.jpg,D:\My project\phan-loai-chay-datamining\data\raw\fire\fire_0180.jpg,fire,1
fire_0181.jpg,D:\My project\phan-loai-chay-datamining\data\raw\fire\fire_0181.jpg,fire,1
fire_0182.jpg,D:\My project\phan-loai-chay-datamining\data\raw\fire\fire_0182.jpg,fire,1
fire_0183.jpg,D:\My project\phan-loai-chay-datamining\data\raw\fire\fire_0183.jpg,fire,1
fire_0184.jpg,D:\My project\phan-loai-chay-datamining\data\raw\fire\fire_0184.jpg,fire,1
fire_0185.jpg,D:\My project\phan-loai-chay-datamining\data\raw\fire\fire_0185.jpg,fire,1
fire_0186.jpg,D:\My project\phan-loai-chay-datamining\data\raw\fire\fire_0186.jpg,fire,1
fire_0187.jpg,D:\My project\phan-loai-chay-datamining\data\raw\fire\fire_0187.jpg,fire,1
fire_0188.jpg,D:\My project\phan-loai-chay-datamining\data\raw\fire\fire_0188.jpg,fire,1
fire_0189.jpg,D:\My project\phan-loai-chay-datamining\data\raw\fire\fire_0189.jpg,fire,1
fire_0190.jpg,D:\My project\phan-loai-chay-datamining\data\raw\fire\fire_0190.jpg,fire,1
fire_0191.jpg,D:\My project\phan-loai-chay-datamining\data\raw\fire\fire_0191.jpg,fire,1
fire_0192.jpg,D:\My project\phan-loai-chay-datamining\data\raw\fire\fire_0192.jpg,fire,1
fire_0193.jpg,D:\My project\phan-loai-chay-datamining\data\raw\fire\fire_0193.jpg,fire,1
fire_0194.jpg,D:\My project\phan-loai-chay-datamining\data\raw\fire\fire_0194.jpg,fire,1
fire_0195.jpg,D:\My project\phan-loai-chay-datamining\data\raw\fire\fire_0195.jpg,fire,1
fire_0196.jpg,D:\My project\phan-loai-chay-datamining\data\raw\fire\fire_0196.jpg,fire,1
fire_0197.jpg,D:\My project\phan-loai-chay-datamining\data\raw\fire\fire_0197.jpg,fire,1
fire_0198.jpg,D:\My project\phan-loai-chay-datamining\data\raw\fire\fire_0198.jpg,fire,1
fire_0199.jpg,D:\My project\phan-loai-chay-datamining\data\raw\fire\fire_0199.jpg,fire,1
fire_0200.jpg,D:\My project\phan-loai-chay-datamining\data\raw\fire\fire_0200.jpg,fire,1
fire_0201.jpg,D:\My project\phan-loai-chay-datamining\data\raw\fire\fire_0201.jpg,fire,1
fire_0202.jpg,D:\My project\phan-loai-chay-datamining\data\raw\fire\fire_0202.jpg,fire,1
fire_0203.jpg,D:\My project\phan-loai-chay-datamining\data\raw\fire\fire_0203.jpg,fire,1
fire_0204.jpg,D:\My project\phan-loai-chay-datamining\data\raw\fire\fire_0204.jpg,fire,1
fire_0205.jpg,D:\My project\phan-loai-chay-datamining\data\raw\fire\fire_0205.jpg,fire,1
fire_0206.jpg,D:\My project\phan-loai-chay-datamining\data\raw\fire\fire_0206.jpg,fire,1
fire_0207.jpg,D:\My project\phan-loai-chay-datamining\data\raw\fire\fire_0207.jpg,fire,1
fire_0208.jpg,D:\My project\phan-loai-chay-datamining\data\raw\fire\fire_0208.jpg,fire,1
fire_0209.jpg,D:\My project\phan-loai-chay-datamining\data\raw\fire\fire_0209.jpg,fire,1
fire_0210.jpg,D:\My project\phan-loai-chay-datamining\data\raw\fire\fire_0210.jpg,fire,1
fire_0211.jpg,D:\My project\phan-loai-chay-datamining\data\raw\fire\fire_0211.jpg,fire,1
fire_0212.jpg,D:\My project\phan-loai-chay-datamining\data\raw\fire\fire_0212.jpg,fire,1
fire_0213.jpg,D:\My project\phan-loai-chay-datamining\data\raw\fire\fire_0213.jpg,fire,1
fire_0214.jpg,D:\My project\phan-loai-chay-datamining\data\raw\fire\fire_0214.jpg,fire,1
fire_0215.jpg,D:\My project\phan-loai-chay-datamining\data\raw\fire\fire_0215.jpg,fire,1
fire_0216.jpg,D:\My project\phan-loai-chay-datamining\data\raw\fire\fire_0216.jpg,fire,1
fire_0217.jpg,D:\My project\phan-loai-chay-datamining\data\raw\fire\fire_0217.jpg,fire,1
fire_0218.jpg,D:\My project\phan-loai-chay-datamining\data\raw\fire\fire_0218.jpg,fire,1
fire_0219.jpg,D:\My project\phan-loai-chay-datamining\data\raw\fire\fire_0219.jpg,fire,1
fire_0220.jpg,D:\My project\phan-loai-chay-datamining\data\raw\fire\fire_0220.jpg,fire,1
fire_0221.jpg,D:\My project\phan-loai-chay-datamining\data\raw\fire\fire_0221.jpg,fire,1
fire_0222.jpg,D:\My project\phan-loai-chay-datamining\data\raw\fire\fire_0222.jpg,fire,1
fire_0223.jpg,D:\My project\phan-loai-chay-datamining\data\raw\fire\fire_0223.jpg,fire,1
fire_0224.jpg,D:\My project\phan-loai-chay-datamining\data\raw\fire\fire_0224.jpg,fire,1
fire_0225.jpg,D:\My project\phan-loai-chay-datamining\data\raw\fire\fire_0225.jpg,fire,1
fire_0226.jpg,D:\My project\phan-loai-chay-datamining\data\raw\fire\fire_0226.jpg,fire,1
fire_0227.jpg,D:\My project\phan-loai-chay-datamining\data\raw\fire\fire_0227.jpg,fire,1
fire_0228.jpg,D:\My project\phan-loai-chay-datamining\data\raw\fire\fire_0228.jpg,fire,1
fire_0229.jpg,D:\My project\phan-loai-chay-datamining\data\raw\fire\fire_0229.jpg,fire,1
fire_0230.jpg,D:\My project\phan-loai-chay-datamining\data\raw\fire\fire_0230.jpg,fire,1
fire_0231.jpg,D:\My project\phan-loai-chay-datamining\data\raw\fire\fire_0231.jpg,fire,1
fire_0232.jpg,D:\My project\phan-loai-chay-datamining\data\raw\fire\fire_0232.jpg,fire,1
fire_0233.jpg,D:\My project\phan-loai-chay-datamining\data\raw\fire\fire_0233.jpg,fire,1
fire_0234.jpg,D:\My project\phan-loai-chay-datamining\data\raw\fire\fire_0234.jpg,fire,1
fire_0235.jpg,D:\My project\phan-loai-chay-datamining\data\raw\fire\fire_0235.jpg,fire,1
fire_0236.jpg,D:\My project\phan-loai-chay-datamining\data\raw\fire\fire_0236.jpg,fire,1
fire_0237.jpg,D:\My project\phan-loai-chay-datamining\data\raw\fire\fire_0237.jpg,fire,1
fire_0238.jpg,D:\My project\phan-loai-chay-datamining\data\raw\fire\fire_0238.jpg,fire,1
fire_0239.jpg,D:\My project\phan-loai-chay-datamining\data\raw\fire\fire_0239.jpg,fire,1
fire_0240.jpg,D:\My project\phan-loai-chay-datamining\data\raw\fire\fire_0240.jpg,fire,1
fire_0241.jpg,D:\My project\phan-loai-chay-datamining\data\raw\fire\fire_0241.jpg,fire,1
fire_0242.jpg,D:\My project\phan-loai-chay-datamining\data\raw\fire\fire_0242.jpg,fire,1
fire_0243.jpg,D:\My project\phan-loai-chay-datamining\data\raw\fire\fire_0243.jpg,fire,1
fire_0244.jpg,D:\My project\phan-loai-chay-datamining\data\raw\fire\fire_0244.jpg,fire,1
fire_0245.jpg,D:\My project\phan-loai-chay-datamining\data\raw\fire\fire_0245.jpg,fire,1
fire_0246.jpg,D:\My project\phan-loai-chay-datamining\data\raw\fire\fire_0246.jpg,fire,1
fire_0247.jpg,D:\My project\phan-loai-chay-datamining\data\raw\fire\fire_0247.jpg,fire,1
fire_0248.jpg,D:\My project\phan-loai-chay-datamining\data\raw\fire\fire_0248.jpg,fire,1
fire_0249.jpg,D:\My project\phan-loai-chay-datamining\data\raw\fire\fire_0249.jpg,fire,1
fire_0250.jpg,D:\My project\phan-loai-chay-datamining\data\raw\fire\fire_0250.jpg,fire,1
fire_0251.jpg,D:\My project\phan-loai-chay-datamining\data\raw\fire\fire_0251.jpg,fire,1
fire_0252.jpg,D:\My project\phan-loai-chay-datamining\data\raw\fire\fire_0252.jpg,fire,1
fire_0253.jpg,D:\My project\phan-loai-chay-datamining\data\raw\fire\fire_0253.jpg,fire,1
fire_0254.jpg,D:\My project\phan-loai-chay-datamining\data\raw\fire\fire_0254.jpg,fire,1
fire_0255.jpg,D:\My project\phan-loai-chay-datamining\data\raw\fire\fire_0255.jpg,fire,1
fire_0256.jpg,D:\My project\phan-loai-chay-datamining\data\raw\fire\fire_0256.jpg,fire,1
fire_0257.jpg,D:\My project\phan-loai-chay-datamining\data\raw\fire\fire_0257.jpg,fire,1
fire_0258.jpg,D:\My project\phan-loai-chay-datamining\data\raw\fire\fire_0258.jpg,fire,1
fire_0259.jpg,D:\My project\phan-loai-chay-datamining\data\raw\fire\fire_0259.jpg,fire,1
fire_0260.jpg,D:\My project\phan-loai-chay-datamining\data\raw\fire\fire_0260.jpg,fire,1
fire_0261.jpg,D:\My project\phan-loai-chay-datamining\data\raw\fire\fire_0261.jpg,fire,1
fire_0262.jpg,D:\My project\phan-loai-chay-datamining\data\raw\fire\fire_0262.jpg,fire,1
fire_0263.jpg,D:\My project\phan-loai-chay-datamining\data\raw\fire\fire_0263.jpg,fire,1
fire_0264.jpg,D:\My project\phan-loai-chay-datamining\data\raw\fire\fire_0264.jpg,fire,1
fire_0265.jpg,D:\My project\phan-loai-chay-datamining\data\raw\fire\fire_0265.jpg,fire,1
fire_0266.jpg,D:\My project\phan-loai-chay-datamining\data\raw\fire\fire_0266.jpg,fire,1
fire_0267.jpg,D:\My project\phan-loai-chay-datamining\data\raw\fire\fire_0267.jpg,fire,1
fire_0268.jpg,D:\My project\phan-loai-chay-datamining\data\raw\fire\fire_0268.jpg,fire,1
fire_0269.jpg,D:\My project\phan-loai-chay-datamining\data\raw\fire\fire_0269.jpg,fire,1
fire_0270.jpg,D:\My project\phan-loai-chay-datamining\data\raw\fire\fire_0270.jpg,fire,1
fire_0271.jpg,D:\My project\phan-loai-chay-datamining\data\raw\fire\fire_0271.jpg,fire,1
fire_0272.jpg,D:\My project\phan-loai-chay-datamining\data\raw\fire\fire_0272.jpg,fire,1
fire_0273.jpg,D:\My project\phan-loai-chay-datamining\data\raw\fire\fire_0273.jpg,fire,1
fire_0274.jpg,D:\My project\phan-loai-chay-datamining\data\raw\fire\fire_0274.jpg,fire,1
fire_0275.jpg,D:\My project\phan-loai-chay-datamining\data\raw\fire\fire_0275.jpg,fire,1
fire_0276.jpg,D:\My project\phan-loai-chay-datamining\data\raw\fire\fire_0276.jpg,fire,1
fire_0277.jpg,D:\My project\phan-loai-chay-datamining\data\raw\fire\fire_0277.jpg,fire,1
fire_0278.jpg,D:\My project\phan-loai-chay-datamining\data\raw\fire\fire_0278.jpg,fire,1
fire_0279.jpg,D:\My project\phan-loai-chay-datamining\data\raw\fire\fire_0279.jpg,fire,1
fire_0280.jpg,D:\My project\phan-loai-chay-datamining\data\raw\fire\fire_0280.jpg,fire,1
fire_0281.jpg,D:\My project\phan-loai-chay-datamining\data\raw\fire\fire_0281.jpg,fire,1
fire_0282.jpg,D:\My project\phan-loai-chay-datamining\data\raw\fire\fire_0282.jpg,fire,1
fire_0283.jpg,D:\My project\phan-loai-chay-datamining\data\raw\fire\fire_0283.jpg,fire,1
fire_0284.jpg,D:\My project\phan-loai-chay-datamining\data\raw\fire\fire_0284.jpg,fire,1
fire_0285.jpg,D:\My project\phan-loai-chay-datamining\data\raw\fire\fire_0285.jpg,fire,1
fire_0286.jpg,D:\My project\phan-loai-chay-datamining\data\raw\fire\fire_0286.jpg,fire,1
fire_0287.jpg,D:\My project\phan-loai-chay-datamining\data\raw\fire\fire_0287.jpg,fire,1
fire_0288.jpg,D:\My project\phan-loai-chay-datamining\data\raw\fire\fire_0288.jpg,fire,1
fire_0289.jpg,D:\My project\phan-loai-chay-datamining\data\raw\fire\fire_0289.jpg,fire,1
fire_0290.jpg,D:\My project\phan-loai-chay-datamining\data\raw\fire\fire_0290.jpg,fire,1
fire_0291.jpg,D:\My project\phan-loai-chay-datamining\data\raw\fire\fire_0291.jpg,fire,1
fire_0292.jpg,D:\My project\phan-loai-chay-datamining\data\raw\fire\fire_0292.jpg,fire,1
fire_0293.jpg,D:\My project\phan-loai-chay-datamining\data\raw\fire\fire_0293.jpg,fire,1
fire_0294.jpg,D:\My project\phan-loai-chay-datamining\data\raw\fire\fire_0294.jpg,fire,1
fire_0295.jpg,D:\My project\phan-loai-chay-datamining\data\raw\fire\fire_0295.jpg,fire,1
fire_0296.jpg,D:\My project\phan-loai-chay-datamining\data\raw\fire\fire_0296.jpg,fire,1
fire_0297.jpg,D:\My project\phan-loai-chay-datamining\data\raw\fire\fire_0297.jpg,fire,1
fire_0298.jpg,D:\My project\phan-loai-chay-datamining\data\raw\fire\fire_0298.jpg,fire,1
fire_0299.jpg,D:\My project\phan-loai-chay-datamining\data\raw\fire\fire_0299.jpg,fire,1
fire_0300.jpg,D:\My project\phan-loai-chay-datamining\data\raw\fire\fire_0300.jpg,fire,1
fire_0301.jpg,D:\My project\phan-loai-chay-datamining\data\raw\fire\fire_0301.jpg,fire,1
fire_0302.jpg,D:\My project\phan-loai-chay-datamining\data\raw\fire\fire_0302.jpg,fire,1
fire_0303.jpg,D:\My project\phan-loai-chay-datamining\data\raw\fire\fire_0303.jpg,fire,1
fire_0304.jpg,D:\My project\phan-loai-chay-datamining\data\raw\fire\fire_0304.jpg,fire,1
fire_0305.jpg,D:\My project\phan-loai-chay-datamining\data\raw\fire\fire_0305.jpg,fire,1
fire_0306.jpg,D:\My project\phan-loai-chay-datamining\data\raw\fire\fire_0306.jpg,fire,1
fire_0307.jpg,D:\My project\phan-loai-chay-datamining\data\raw\fire\fire_0307.jpg,fire,1
fire_0308.jpg,D:\My project\phan-loai-chay-datamining\data\raw\fire\fire_0308.jpg,fire,1
fire_0309.jpg,D:\My project\phan-loai-chay-datamining\data\raw\fire\fire_0309.jpg,fire,1
fire_0310.jpg,D:\My project\phan-loai-chay-datamining\data\raw\fire\fire_0310.jpg,fire,1
fire_0311.jpg,D:\My project\phan-loai-chay-datamining\data\raw\fire\fire_0311.jpg,fire,1
fire_0312.jpg,D:\My project\phan-loai-chay-datamining\data\raw\fire\fire_0312.jpg,fire,1
fire_0313.jpg,D:\My project\phan-loai-chay-datamining\data\raw\fire\fire_0313.jpg,fire,1
fire_0314.jpg,D:\My project\phan-loai-chay-datamining\data\raw\fire\fire_0314.jpg,fire,1
fire_0315.jpg,D:\My project\phan-loai-chay-datamining\data\raw\fire\fire_0315.jpg,fire,1
fire_0316.jpg,D:\My project\phan-loai-chay-datamining\data\raw\fire\fire_0316.jpg,fire,1
fire_0317.jpg,D:\My project\phan-loai-chay-datamining\data\raw\fire\fire_0317.jpg,fire,1
fire_0318.jpg,D:\My project\phan-loai-chay-datamining\data\raw\fire\fire_0318.jpg,fire,1
fire_0319.jpg,D:\My project\phan-loai-chay-datamining\data\raw\fire\fire_0319.jpg,fire,1
fire_0320.jpg,D:\My project\phan-loai-chay-datamining\data\raw\fire\fire_0320.jpg,fire,1
fire_0321.jpg,D:\My project\phan-loai-chay-datamining\data\raw\fire\fire_0321.jpg,fire,1
fire_0322.jpg,D:\My project\phan-loai-chay-datamining\data\raw\fire\fire_0322.jpg,fire,1
fire_0323.jpg,D:\My project\phan-loai-chay-datamining\data\raw\fire\fire_0323.jpg,fire,1
fire_0324.jpg,D:\My project\phan-loai-chay-datamining\data\raw\fire\fire_0324.jpg,fire,1
fire_0325.jpg,D:\My project\phan-loai-chay-datamining\data\raw\fire\fire_0325.jpg,fire,1
fire_0326.jpg,D:\My project\phan-loai-chay-datamining\data\raw\fire\fire_0326.jpg,fire,1
fire_0327.jpg,D:\My project\phan-loai-chay-datamining\data\raw\fire\fire_0327.jpg,fire,1
fire_0328.jpg,D:\My project\phan-loai-chay-datamining\data\raw\fire\fire_0328.jpg,fire,1
fire_0329.jpg,D:\My project\phan-loai-chay-datamining\data\raw\fire\fire_0329.jpg,fire,1
fire_0330.jpg,D:\My project\phan-loai-chay-datamining\data\raw\fire\fire_0330.jpg,fire,1
fire_0331.jpg,D:\My project\phan-loai-chay-datamining\data\raw\fire\fire_0331.jpg,fire,1
fire_0332.jpg,D:\My project\phan-loai-chay-datamining\data\raw\fire\fire_0332.jpg,fire,1
fire_0333.jpg,D:\My project\phan-loai-chay-datamining\data\raw\fire\fire_0333.jpg,fire,1
fire_0334.jpg,D:\My project\phan-loai-chay-datamining\data\raw\fire\fire_0334.jpg,fire,1
fire_0335.jpg,D:\My project\phan-loai-chay-datamining\data\raw\fire\fire_0335.jpg,fire,1
fire_0336.jpg,D:\My project\phan-loai-chay-datamining\data\raw\fire\fire_0336.jpg,fire,1
fire_0337.jpg,D:\My project\phan-loai-chay-datamining\data\raw\fire\fire_0337.jpg,fire,1
fire_0338.jpg,D:\My project\phan-loai-chay-datamining\data\raw\fire\fire_0338.jpg,fire,1
fire_0339.jpg,D:\My project\phan-loai-chay-datamining\data\raw\fire\fire_0339.jpg,fire,1
fire_0340.jpg,D:\My project\phan-loai-chay-datamining\data\raw\fire\fire_0340.jpg,fire,1
fire_0341.jpg,D:\My project\phan-loai-chay-datamining\data\raw\fire\fire_0341.jpg,fire,1
fire_0342.jpg,D:\My project\phan-loai-chay-datamining\data\raw\fire\fire_0342.jpg,fire,1
fire_0343.jpg,D:\My project\phan-loai-chay-datamining\data\raw\fire\fire_0343.jpg,fire,1
fire_0344.jpg,D:\My project\phan-loai-chay-datamining\data\raw\fire\fire_0344.jpg,fire,1
fire_0345.jpg,D:\My project\phan-loai-chay-datamining\data\raw\fire\fire_0345.jpg,fire,1
fire_0346.jpg,D:\My project\phan-loai-chay-datamining\data\raw\fire\fire_0346.jpg,fire,1
fire_0347.jpg,D:\My project\phan-loai-chay-datamining\data\raw\fire\fire_0347.jpg,fire,1
fire_0348.jpg,D:\My project\phan-loai-chay-datamining\data\raw\fire\fire_0348.jpg,fire,1
fire_0349.jpg,D:\My project\phan-loai-chay-datamining\data\raw\fire\fire_0349.jpg,fire,1
fire_0350.jpg,D:\My project\phan-loai-chay-datamining\data\raw\fire\fire_0350.jpg,fire,1
fire_0351.jpg,D:\My project\phan-loai-chay-datamining\data\raw\fire\fire_0351.jpg,fire,1
fire_0352.jpg,D:\My project\phan-loai-chay-datamining\data\raw\fire\fire_0352.jpg,fire,1
fire_0353.jpg,D:\My project\phan-loai-chay-datamining\data\raw\fire\fire_0353.jpg,fire,1
fire_0354.jpg,D:\My project\phan-loai-chay-datamining\data\raw\fire\fire_0354.jpg,fire,1
fire_0355.jpg,D:\My project\phan-loai-chay-datamining\data\raw\fire\fire_0355.jpg,fire,1
fire_0356.jpg,D:\My project\phan-loai-chay-datamining\data\raw\fire\fire_0356.jpg,fire,1
fire_0357.jpg,D:\My project\phan-loai-chay-datamining\data\raw\fire\fire_0357.jpg,fire,1
fire_0358.jpg,D:\My project\phan-loai-chay-datamining\data\raw\fire\fire_0358.jpg,fire,1
fire_0359.jpg,D:\My project\phan-loai-chay-datamining\data\raw\fire\fire_0359.jpg,fire,1
fire_0360.jpg,D:\My project\phan-loai-chay-datamining\data\raw\fire\fire_0360.jpg,fire,1
fire_0361.jpg,D:\My project\phan-loai-chay-datamining\data\raw\fire\fire_0361.jpg,fire,1
fire_0362.jpg,D:\My project\phan-loai-chay-datamining\data\raw\fire\fire_0362.jpg,fire,1
fire_0363.jpg,D:\My project\phan-loai-chay-datamining\data\raw\fire\fire_0363.jpg,fire,1
fire_0364.jpg,D:\My project\phan-loai-chay-datamining\data\raw\fire\fire_0364.jpg,fire,1
fire_0365.jpg,D:\My project\phan-loai-chay-datamining\data\raw\fire\fire_0365.jpg,fire,1
fire_0366.jpg,D:\My project\phan-loai-chay-datamining\data\raw\fire\fire_0366.jpg,fire,1
fire_0367.jpg,D:\My project\phan-loai-chay-datamining\data\raw\fire\fire_0367.jpg,fire,1
fire_0368.jpg,D:\My project\phan-loai-chay-datamining\data\raw\fire\fire_0368.jpg,fire,1
fire_0369.jpg,D:\My project\phan-loai-chay-datamining\data\raw\fire\fire_0369.jpg,fire,1
fire_0370.jpg,D:\My project\phan-loai-chay-datamining\data\raw\fire\fire_0370.jpg,fire,1
fire_0371.jpg,D:\My project\phan-loai-chay-datamining\data\raw\fire\fire_0371.jpg,fire,1
fire_0372.jpg,D:\My project\phan-loai-chay-datamining\data\raw\fire\fire_0372.jpg,fire,1
fire_0373.jpg,D:\My project\phan-loai-chay-datamining\data\raw\fire\fire_0373.jpg,fire,1
fire_0374.jpg,D:\My project\phan-loai-chay-datamining\data\raw\fire\fire_0374.jpg,fire,1
fire_0375.jpg,D:\My project\phan-loai-chay-datamining\data\raw\fire\fire_0375.jpg,fire,1
fire_0376.jpg,D:\My project\phan-loai-chay-datamining\data\raw\fire\fire_0376.jpg,fire,1
fire_0377.jpg,D:\My project\phan-loai-chay-datamining\data\raw\fire\fire_0377.jpg,fire,1
fire_0378.jpg,D:\My project\phan-loai-chay-datamining\data\raw\fire\fire_0378.jpg,fire,1
fire_0379.jpg,D:\My project\phan-loai-chay-datamining\data\raw\fire\fire_0379.jpg,fire,1
fire_0380.jpg,D:\My project\phan-loai-chay-datamining\data\raw\fire\fire_0380.jpg,fire,1
fire_0381.jpg,D:\My project\phan-loai-chay-datamining\data\raw\fire\fire_0381.jpg,fire,1
fire_0382.jpg,D:\My project\phan-loai-chay-datamining\data\raw\fire\fire_0382.jpg,fire,1
fire_0383.jpg,D:\My project\phan-loai-chay-datamining\data\raw\fire\fire_0383.jpg,fire,1
fire_0384.jpg,D:\My project\phan-loai-chay-datamining\data\raw\fire\fire_0384.jpg,fire,1
fire_0385.jpg,D:\My project\phan-loai-chay-datamining\data\raw\fire\fire_0385.jpg,fire,1
fire_0386.jpg,D:\My project\phan-loai-chay-datamining\data\raw\fire\fire_0386.jpg,fire,1
fire_0387.jpg,D:\My project\phan-loai-chay-datamining\data\raw\fire\fire_0387.jpg,fire,1
fire_0388.jpg,D:\My project\phan-loai-chay-datamining\data\raw\fire\fire_0388.jpg,fire,1
fire_0389.jpg,D:\My project\phan-loai-chay-datamining\data\raw\fire\fire_0389.jpg,fire,1
fire_0390.jpg,D:\My project\phan-loai-chay-datamining\data\raw\fire\fire_0390.jpg,fire,1
fire_0391.jpg,D:\My project\phan-loai-chay-datamining\data\raw\fire\fire_0391.jpg,fire,1
fire_0392.jpg,D:\My project\phan-loai-chay-datamining\data\raw\fire\fire_0392.jpg,fire,1
fire_0393.jpg,D:\My project\phan-loai-chay-datamining\data\raw\fire\fire_0393.jpg,fire,1
fire_0394.jpg,D:\My project\phan-loai-chay-datamining\data\raw\fire\fire_0394.jpg,fire,1
fire_0395.jpg,D:\My project\phan-loai-chay-datamining\data\raw\fire\fire_0395.jpg,fire,1
fire_0396.jpg,D:\My project\phan-loai-chay-datamining\data\raw\fire\fire_0396.jpg,fire,1
fire_0397.jpg,D:\My project\phan-loai-chay-datamining\data\raw\fire\fire_0397.jpg,fire,1
fire_0398.jpg,D:\My project\phan-loai-chay-datamining\data\raw\fire\fire_0398.jpg,fire,1
fire_0399.jpg,D:\My project\phan-loai-chay-datamining\data\raw\fire\fire_0399.jpg,fire,1
fire_0400.jpg,D:\My project\phan-loai-chay-datamining\data\raw\fire\fire_0400.jpg,fire,1
fire_0401.jpg,D:\My project\phan-loai-chay-datamining\data\raw\fire\fire_0401.jpg,fire,1
fire_0402.jpg,D:\My project\phan-loai-chay-datamining\data\raw\fire\fire_0402.jpg,fire,1
fire_0403.jpg,D:\My project\phan-loai-chay-datamining\data\raw\fire\fire_0403.jpg,fire,1
fire_0404.jpg,D:\My project\phan-loai-chay-datamining\data\raw\fire\fire_0404.jpg,fire,1
fire_0405.jpg,D:\My project\phan-loai-chay-datamining\data\raw\fire\fire_0405.jpg,fire,1
fire_0406.jpg,D:\My project\phan-loai-chay-datamining\data\raw\fire\fire_0406.jpg,fire,1
fire_0407.jpg,D:\My project\phan-loai-chay-datamining\data\raw\fire\fire_0407.jpg,fire,1
fire_0408.jpg,D:\My project\phan-loai-chay-datamining\data\raw\fire\fire_0408.jpg,fire,1
fire_0409.jpg,D:\My project\phan-loai-chay-datamining\data\raw\fire\fire_0409.jpg,fire,1
fire_0410.jpg,D:\My project\phan-loai-chay-datamining\data\raw\fire\fire_0410.jpg,fire,1
fire_0411.jpg,D:\My project\phan-loai-chay-datamining\data\raw\fire\fire_0411.jpg,fire,1
fire_0412.jpg,D:\My project\phan-loai-chay-datamining\data\raw\fire\fire_0412.jpg,fire,1
fire_0413.jpg,D:\My project\phan-loai-chay-datamining\data\raw\fire\fire_0413.jpg,fire,1
fire_0414.jpg,D:\My project\phan-loai-chay-datamining\data\raw\fire\fire_0414.jpg,fire,1
fire_0415.jpg,D:\My project\phan-loai-chay-datamining\data\raw\fire\fire_0415.jpg,fire,1
fire_0416.jpg,D:\My project\phan-loai-chay-datamining\data\raw\fire\fire_0416.jpg,fire,1
fire_0417.jpg,D:\My project\phan-loai-chay-datamining\data\raw\fire\fire_0417.jpg,fire,1
fire_0418.jpg,D:\My project\phan-loai-chay-datamining\data\raw\fire\fire_0418.jpg,fire,1
fire_0419.jpg,D:\My project\phan-loai-chay-datamining\data\raw\fire\fire_0419.jpg,fire,1
fire_0420.jpg,D:\My project\phan-loai-chay-datamining\data\raw\fire\fire_0420.jpg,fire,1
fire_0421.jpg,D:\My project\phan-loai-chay-datamining\data\raw\fire\fire_0421.jpg,fire,1
fire_0422.jpg,D:\My project\phan-loai-chay-datamining\data\raw\fire\fire_0422.jpg,fire,1
fire_0423.jpg,D:\My project\phan-loai-chay-datamining\data\raw\fire\fire_0423.jpg,fire,1
fire_0424.jpg,D:\My project\phan-loai-chay-datamining\data\raw\fire\fire_0424.jpg,fire,1
fire_0425.jpg,D:\My project\phan-loai-chay-datamining\data\raw\fire\fire_0425.jpg,fire,1
fire_0426.jpg,D:\My project\phan-loai-chay-datamining\data\raw\fire\fire_0426.jpg,fire,1
fire_0427.jpg,D:\My project\phan-loai-chay-datamining\data\raw\fire\fire_0427.jpg,fire,1
fire_0428.jpg,D:\My project\phan-loai-chay-datamining\data\raw\fire\fire_0428.jpg,fire,1
fire_0429.jpg,D:\My project\phan-loai-chay-datamining\data\raw\fire\fire_0429.jpg,fire,1
fire_0430.jpg,D:\My project\phan-loai-chay-datamining\data\raw\fire\fire_0430.jpg,fire,1
fire_0431.jpg,D:\My project\phan-loai-chay-datamining\data\raw\fire\fire_0431.jpg,fire,1
fire_0432.jpg,D:\My project\phan-loai-chay-datamining\data\raw\fire\fire_0432.jpg,fire,1
fire_0433.jpg,D:\My project\phan-loai-chay-datamining\data\raw\fire\fire_0433.jpg,fire,1
fire_0434.jpg,D:\My project\phan-loai-chay-datamining\data\raw\fire\fire_0434.jpg,fire,1
fire_0435.jpg,D:\My project\phan-loai-chay-datamining\data\raw\fire\fire_0435.jpg,fire,1
fire_0436.jpg,D:\My project\phan-loai-chay-datamining\data\raw\fire\fire_0436.jpg,fire,1
fire_0437.jpg,D:\My project\phan-loai-chay-datamining\data\raw\fire\fire_0437.jpg,fire,1
fire_0438.jpg,D:\My project\phan-loai-chay-datamining\data\raw\fire\fire_0438.jpg,fire,1
fire_0439.jpg,D:\My project\phan-loai-chay-datamining\data\raw\fire\fire_0439.jpg,fire,1
fire_0440.jpg,D:\My project\phan-loai-chay-datamining\data\raw\fire\fire_0440.jpg,fire,1
fire_0441.jpg,D:\My project\phan-loai-chay-datamining\data\raw\fire\fire_0441.jpg,fire,1
fire_0442.jpg,D:\My project\phan-loai-chay-datamining\data\raw\fire\fire_0442.jpg,fire,1
fire_0443.jpg,D:\My project\phan-loai-chay-datamining\data\raw\fire\fire_0443.jpg,fire,1
fire_0444.jpg,D:\My project\phan-loai-chay-datamining\data\raw\fire\fire_0444.jpg,fire,1
fire_0445.jpg,D:\My project\phan-loai-chay-datamining\data\raw\fire\fire_0445.jpg,fire,1
fire_0446.jpg,D:\My project\phan-loai-chay-datamining\data\raw\fire\fire_0446.jpg,fire,1
fire_0447.jpg,D:\My project\phan-loai-chay-datamining\data\raw\fire\fire_0447.jpg,fire,1
fire_0448.jpg,D:\My project\phan-loai-chay-datamining\data\raw\fire\fire_0448.jpg,fire,1
fire_0449.jpg,D:\My project\phan-loai-chay-datamining\data\raw\fire\fire_0449.jpg,fire,1
fire_0450.jpg,D:\My project\phan-loai-chay-datamining\data\raw\fire\fire_0450.jpg,fire,1
fire_0451.jpg,D:\My project\phan-loai-chay-datamining\data\raw\fire\fire_0451.jpg,fire,1
fire_0452.jpg,D:\My project\phan-loai-chay-datamining\data\raw\fire\fire_0452.jpg,fire,1
fire_0453.jpg,D:\My project\phan-loai-chay-datamining\data\raw\fire\fire_0453.jpg,fire,1
fire_0454.jpg,D:\My project\phan-loai-chay-datamining\data\raw\fire\fire_0454.jpg,fire,1
fire_0455.jpg,D:\My project\phan-loai-chay-datamining\data\raw\fire\fire_0455.jpg,fire,1
fire_0456.jpg,D:\My project\phan-loai-chay-datamining\data\raw\fire\fire_0456.jpg,fire,1
fire_0457.jpg,D:\My project\phan-loai-chay-datamining\data\raw\fire\fire_0457.jpg,fire,1
fire_0458.jpg,D:\My project\phan-loai-chay-datamining\data\raw\fire\fire_0458.jpg,fire,1
fire_0459.jpg,D:\My project\phan-loai-chay-datamining\data\raw\fire\fire_0459.jpg,fire,1
fire_0460.jpg,D:\My project\phan-loai-chay-datamining\data\raw\fire\fire_0460.jpg,fire,1
fire_0461.jpg,D:\My project\phan-loai-chay-datamining\data\raw\fire\fire_0461.jpg,fire,1
fire_0462.jpg,D:\My project\phan-loai-chay-datamining\data\raw\fire\fire_0462.jpg,fire,1
fire_0463.jpg,D:\My project\phan-loai-chay-datamining\data\raw\fire\fire_0463.jpg,fire,1
fire_0464.jpg,D:\My project\phan-loai-chay-datamining\data\raw\fire\fire_0464.jpg,fire,1
fire_0465.jpg,D:\My project\phan-loai-chay-datamining\data\raw\fire\fire_0465.jpg,fire,1
fire_0466.jpg,D:\My project\phan-loai-chay-datamining\data\raw\fire\fire_0466.jpg,fire,1
fire_0467.jpg,D:\My project\phan-loai-chay-datamining\data\raw\fire\fire_0467.jpg,fire,1
fire_0468.jpg,D:\My project\phan-loai-chay-datamining\data\raw\fire\fire_0468.jpg,fire,1
fire_0469.jpg,D:\My project\phan-loai-chay-datamining\data\raw\fire\fire_0469.jpg,fire,1
fire_0470.jpg,D:\My project\phan-loai-chay-datamining\data\raw\fire\fire_0470.jpg,fire,1
fire_0471.jpg,D:\My project\phan-loai-chay-datamining\data\raw\fire\fire_0471.jpg,fire,1
fire_0472.jpg,D:\My project\phan-loai-chay-datamining\data\raw\fire\fire_0472.jpg,fire,1
fire_0473.jpg,D:\My project\phan-loai-chay-datamining\data\raw\fire\fire_0473.jpg,fire,1
fire_0474.jpg,D:\My project\phan-loai-chay-datamining\data\raw\fire\fire_0474.jpg,fire,1
fire_0475.jpg,D:\My project\phan-loai-chay-datamining\data\raw\fire\fire_0475.jpg,fire,1
fire_0476.jpg,D:\My project\phan-loai-chay-datamining\data\raw\fire\fire_0476.jpg,fire,1
fire_0477.jpg,D:\My project\phan-loai-chay-datamining\data\raw\fire\fire_0477.jpg,fire,1
fire_0478.jpg,D:\My project\phan-loai-chay-datamining\data\raw\fire\fire_0478.jpg,fire,1
fire_0479.jpg,D:\My project\phan-loai-chay-datamining\data\raw\fire\fire_0479.jpg,fire,1
fire_0480.jpg,D:\My project\phan-loai-chay-datamining\data\raw\fire\fire_0480.jpg,fire,1
fire_0481.jpg,D:\My project\phan-loai-chay-datamining\data\raw\fire\fire_0481.jpg,fire,1
fire_0482.jpg,D:\My project\phan-loai-chay-datamining\data\raw\fire\fire_0482.jpg,fire,1
fire_0483.jpg,D:\My project\phan-loai-chay-datamining\data\raw\fire\fire_0483.jpg,fire,1
fire_0484.jpg,D:\My project\phan-loai-chay-datamining\data\raw\fire\fire_0484.jpg,fire,1
fire_0485.jpg,D:\My project\phan-loai-chay-datamining\data\raw\fire\fire_0485.jpg,fire,1
fire_0486.jpg,D:\My project\phan-loai-chay-datamining\data\raw\fire\fire_0486.jpg,fire,1
fire_0487.jpg,D:\My project\phan-loai-chay-datamining\data\raw\fire\fire_0487.jpg,fire,1
fire_0488.jpg,D:\My project\phan-loai-chay-datamining\data\raw\fire\fire_0488.jpg,fire,1
fire_0489.jpg,D:\My project\phan-loai-chay-datamining\data\raw\fire\fire_0489.jpg,fire,1
fire_0490.jpg,D:\My project\phan-loai-chay-datamining\data\raw\fire\fire_0490.jpg,fire,1
fire_0491.jpg,D:\My project\phan-loai-chay-datamining\data\raw\fire\fire_0491.jpg,fire,1
fire_0492.jpg,D:\My project\phan-loai-chay-datamining\data\raw\fire\fire_0492.jpg,fire,1
fire_0493.jpg,D:\My project\phan-loai-chay-datamining\data\raw\fire\fire_0493.jpg,fire,1
fire_0494.jpg,D:\My project\phan-loai-chay-datamining\data\raw\fire\fire_0494.jpg,fire,1
fire_0495.jpg,D:\My project\phan-loai-chay-datamining\data\raw\fire\fire_0495.jpg,fire,1
fire_0496.jpg,D:\My project\phan-loai-chay-datamining\data\raw\fire\fire_0496.jpg,fire,1
fire_0497.jpg,D:\My project\phan-loai-chay-datamining\data\raw\fire\fire_0497.jpg,fire,1
fire_0498.jpg,D:\My project\phan-loai-chay-datamining\data\raw\fire\fire_0498.jpg,fire,1
fire_0499.jpg,D:\My project\phan-loai-chay-datamining\data\raw\fire\fire_0499.jpg,fire,1
fire_0500.jpg,D:\My project\phan-loai-chay-datamining\data\raw\fire\fire_0500.jpg,fire,1
fire_0501.jpg,D:\My project\phan-loai-chay-datamining\data\raw\fire\fire_0501.jpg,fire,1
fire_0502.jpg,D:\My project\phan-loai-chay-datamining\data\raw\fire\fire_0502.jpg,fire,1
fire_0503.jpg,D:\My project\phan-loai-chay-datamining\data\raw\fire\fire_0503.jpg,fire,1
fire_0504.jpg,D:\My project\phan-loai-chay-datamining\data\raw\fire\fire_0504.jpg,fire,1
fire_0505.jpg,D:\My project\phan-loai-chay-datamining\data\raw\fire\fire_0505.jpg,fire,1
fire_0506.jpg,D:\My project\phan-loai-chay-datamining\data\raw\fire\fire_0506.jpg,fire,1
fire_0507.jpg,D:\My project\phan-loai-chay-datamining\data\raw\fire\fire_0507.jpg,fire,1
fire_0508.jpg,D:\My project\phan-loai-chay-datamining\data\raw\fire\fire_0508.jpg,fire,1
fire_0509.jpg,D:\My project\phan-loai-chay-datamining\data\raw\fire\fire_0509.jpg,fire,1
fire_0510.jpg,D:\My project\phan-loai-chay-datamining\data\raw\fire\fire_0510.jpg,fire,1
fire_0511.jpg,D:\My project\phan-loai-chay-datamining\data\raw\fire\fire_0511.jpg,fire,1
fire_0512.jpg,D:\My project\phan-loai-chay-datamining\data\raw\fire\fire_0512.jpg,fire,1
fire_0513.jpg,D:\My project\phan-loai-chay-datamining\data\raw\fire\fire_0513.jpg,fire,1
fire_0514.jpg,D:\My project\phan-loai-chay-datamining\data\raw\fire\fire_0514.jpg,fire,1
fire_0515.jpg,D:\My project\phan-loai-chay-datamining\data\raw\fire\fire_0515.jpg,fire,1
fire_0516.jpg,D:\My project\phan-loai-chay-datamining\data\raw\fire\fire_0516.jpg,fire,1
fire_0517.jpg,D:\My project\phan-loai-chay-datamining\data\raw\fire\fire_0517.jpg,fire,1
fire_0518.jpg,D:\My project\phan-loai-chay-datamining\data\raw\fire\fire_0518.jpg,fire,1
fire_0519.jpg,D:\My project\phan-loai-chay-datamining\data\raw\fire\fire_0519.jpg,fire,1
fire_0520.jpg,D:\My project\phan-loai-chay-datamining\data\raw\fire\fire_0520.jpg,fire,1
fire_0521.jpg,D:\My project\phan-loai-chay-datamining\data\raw\fire\fire_0521.jpg,fire,1
fire_0522.jpg,D:\My project\phan-loai-chay-datamining\data\raw\fire\fire_0522.jpg,fire,1
fire_0523.jpg,D:\My project\phan-loai-chay-datamining\data\raw\fire\fire_0523.jpg,fire,1
fire_0524.jpg,D:\My project\phan-loai-chay-datamining\data\raw\fire\fire_0524.jpg,fire,1
fire_0525.jpg,D:\My project\phan-loai-chay-datamining\data\raw\fire\fire_0525.jpg,fire,1
fire_0526.jpg,D:\My project\phan-loai-chay-datamining\data\raw\fire\fire_0526.jpg,fire,1
fire_0527.jpg,D:\My project\phan-loai-chay-datamining\data\raw\fire\fire_0527.jpg,fire,1
fire_0528.jpg,D:\My project\phan-loai-chay-datamining\data\raw\fire\fire_0528.jpg,fire,1
fire_0529.jpg,D:\My project\phan-loai-chay-datamining\data\raw\fire\fire_0529.jpg,fire,1
fire_0530.jpg,D:\My project\phan-loai-chay-datamining\data\raw\fire\fire_0530.jpg,fire,1
fire_0531.jpg,D:\My project\phan-loai-chay-datamining\data\raw\fire\fire_0531.jpg,fire,1
fire_0532.jpg,D:\My project\phan-loai-chay-datamining\data\raw\fire\fire_0532.jpg,fire,1
fire_0533.jpg,D:\My project\phan-loai-chay-datamining\data\raw\fire\fire_0533.jpg,fire,1
fire_0534.jpg,D:\My project\phan-loai-chay-datamining\data\raw\fire\fire_0534.jpg,fire,1
fire_0535.jpg,D:\My project\phan-loai-chay-datamining\data\raw\fire\fire_0535.jpg,fire,1
fire_0536.jpg,D:\My project\phan-loai-chay-datamining\data\raw\fire\fire_0536.jpg,fire,1
fire_0537.jpg,D:\My project\phan-loai-chay-datamining\data\raw\fire\fire_0537.jpg,fire,1
fire_0538.jpg,D:\My project\phan-loai-chay-datamining\data\raw\fire\fire_0538.jpg,fire,1
fire_0539.jpg,D:\My project\phan-loai-chay-datamining\data\raw\fire\fire_0539.jpg,fire,1
fire_0540.jpg,D:\My project\phan-loai-chay-datamining\data\raw\fire\fire_0540.jpg,fire,1
fire_0541.jpg,D:\My project\phan-loai-chay-datamining\data\raw\fire\fire_0541.jpg,fire,1
fire_0542.jpg,D:\My project\phan-loai-chay-datamining\data\raw\fire\fire_0542.jpg,fire,1
fire_0543.jpg,D:\My project\phan-loai-chay-datamining\data\raw\fire\fire_0543.jpg,fire,1
fire_0544.jpg,D:\My project\phan-loai-chay-datamining\data\raw\fire\fire_0544.jpg,fire,1
fire_0545.jpg,D:\My project\phan-loai-chay-datamining\data\raw\fire\fire_0545.jpg,fire,1
fire_0546.jpg,D:\My project\phan-loai-chay-datamining\data\raw\fire\fire_0546.jpg,fire,1
fire_0547.jpg,D:\My project\phan-loai-chay-datamining\data\raw\fire\fire_0547.jpg,fire,1
fire_0548.jpg,D:\My project\phan-loai-chay-datamining\data\raw\fire\fire_0548.jpg,fire,1
fire_0549.jpg,D:\My project\phan-loai-chay-datamining\data\raw\fire\fire_0549.jpg,fire,1
fire_0550.jpg,D:\My project\phan-loai-chay-datamining\data\raw\fire\fire_0550.jpg,fire,1
fire_0551.jpg,D:\My project\phan-loai-chay-datamining\data\raw\fire\fire_0551.jpg,fire,1
fire_0552.jpg,D:\My project\phan-loai-chay-datamining\data\raw\fire\fire_0552.jpg,fire,1
fire_0553.jpg,D:\My project\phan-loai-chay-datamining\data\raw\fire\fire_0553.jpg,fire,1
fire_0554.jpg,D:\My project\phan-loai-chay-datamining\data\raw\fire\fire_0554.jpg,fire,1
fire_0555.jpg,D:\My project\phan-loai-chay-datamining\data\raw\fire\fire_0555.jpg,fire,1
fire_0556.jpg,D:\My project\phan-loai-chay-datamining\data\raw\fire\fire_0556.jpg,fire,1
fire_0557.jpg,D:\My project\phan-loai-chay-datamining\data\raw\fire\fire_0557.jpg,fire,1
fire_0558.jpg,D:\My project\phan-loai-chay-datamining\data\raw\fire\fire_0558.jpg,fire,1
fire_0559.jpg,D:\My project\phan-loai-chay-datamining\data\raw\fire\fire_0559.jpg,fire,1
fire_0560.jpg,D:\My project\phan-loai-chay-datamining\data\raw\fire\fire_0560.jpg,fire,1
fire_0561.jpg,D:\My project\phan-loai-chay-datamining\data\raw\fire\fire_0561.jpg,fire,1
fire_0562.jpg,D:\My project\phan-loai-chay-datamining\data\raw\fire\fire_0562.jpg,fire,1
fire_0563.jpg,D:\My project\phan-loai-chay-datamining\data\raw\fire\fire_0563.jpg,fire,1
fire_0564.jpg,D:\My project\phan-loai-chay-datamining\data\raw\fire\fire_0564.jpg,fire,1
fire_0565.jpg,D:\My project\phan-loai-chay-datamining\data\raw\fire\fire_0565.jpg,fire,1
fire_0566.jpg,D:\My project\phan-loai-chay-datamining\data\raw\fire\fire_0566.jpg,fire,1
fire_0567.jpg,D:\My project\phan-loai-chay-datamining\data\raw\fire\fire_0567.jpg,fire,1
fire_0568.jpg,D:\My project\phan-loai-chay-datamining\data\raw\fire\fire_0568.jpg,fire,1
fire_0569.jpg,D:\My project\phan-loai-chay-datamining\data\raw\fire\fire_0569.jpg,fire,1
fire_0570.jpg,D:\My project\phan-loai-chay-datamining\data\raw\fire\fire_0570.jpg,fire,1
fire_0571.jpg,D:\My project\phan-loai-chay-datamining\data\raw\fire\fire_0571.jpg,fire,1
fire_0572.jpg,D:\My project\phan-loai-chay-datamining\data\raw\fire\fire_0572.jpg,fire,1
fire_0573.jpg,D:\My project\phan-loai-chay-datamining\data\raw\fire\fire_0573.jpg,fire,1
fire_0574.jpg,D:\My project\phan-loai-chay-datamining\data\raw\fire\fire_0574.jpg,fire,1
fire_0575.jpg,D:\My project\phan-loai-chay-datamining\data\raw\fire\fire_0575.jpg,fire,1
fire_0576.jpg,D:\My project\phan-loai-chay-datamining\data\raw\fire\fire_0576.jpg,fire,1
fire_0577.jpg,D:\My project\phan-loai-chay-datamining\data\raw\fire\fire_0577.jpg,fire,1
fire_0578.jpg,D:\My project\phan-loai-chay-datamining\data\raw\fire\fire_0578.jpg,fire,1
fire_0579.jpg,D:\My project\phan-loai-chay-datamining\data\raw\fire\fire_0579.jpg,fire,1
fire_0580.jpg,D:\My project\phan-loai-chay-datamining\data\raw\fire\fire_0580.jpg,fire,1
fire_0581.jpg,D:\My project\phan-loai-chay-datamining\data\raw\fire\fire_0581.jpg,fire,1
fire_0582.jpg,D:\My project\phan-loai-chay-datamining\data\raw\fire\fire_0582.jpg,fire,1
fire_0583.jpg,D:\My project\phan-loai-chay-datamining\data\raw\fire\fire_0583.jpg,fire,1
fire_0584.jpg,D:\My project\phan-loai-chay-datamining\data\raw\fire\fire_0584.jpg,fire,1
fire_0585.jpg,D:\My project\phan-loai-chay-datamining\data\raw\fire\fire_0585.jpg,fire,1
fire_0586.jpg,D:\My project\phan-loai-chay-datamining\data\raw\fire\fire_0586.jpg,fire,1
fire_0587.jpg,D:\My project\phan-loai-chay-datamining\data\raw\fire\fire_0587.jpg,fire,1
fire_0588.jpg,D:\My project\phan-loai-chay-datamining\data\raw\fire\fire_0588.jpg,fire,1
fire_0589.jpg,D:\My project\phan-loai-chay-datamining\data\raw\fire\fire_0589.jpg,fire,1
fire_0590.jpg,D:\My project\phan-loai-chay-datamining\data\raw\fire\fire_0590.jpg,fire,1
fire_0591.jpg,D:\My project\phan-loai-chay-datamining\data\raw\fire\fire_0591.jpg,fire,1
fire_0592.jpg,D:\My project\phan-loai-chay-datamining\data\raw\fire\fire_0592.jpg,fire,1
fire_0593.jpg,D:\My project\phan-loai-chay-datamining\data\raw\fire\fire_0593.jpg,fire,1
fire_0594.jpg,D:\My project\phan-loai-chay-datamining\data\raw\fire\fire_0594.jpg,fire,1
fire_0595.jpg,D:\My project\phan-loai-chay-datamining\data\raw\fire\fire_0595.jpg,fire,1
fire_0596.jpg,D:\My project\phan-loai-chay-datamining\data\raw\fire\fire_0596.jpg,fire,1
fire_0597.jpg,D:\My project\phan-loai-chay-datamining\data\raw\fire\fire_0597.jpg,fire,1
fire_0598.jpg,D:\My project\phan-loai-chay-datamining\data\raw\fire\fire_0598.jpg,fire,1
fire_0599.jpg,D:\My project\phan-loai-chay-datamining\data\raw\fire\fire_0599.jpg,fire,1
fire_0600.jpg,D:\My project\phan-loai-chay-datamining\data\raw\fire\fire_0600.jpg,fire,1
fire_0601.jpg,D:\My project\phan-loai-chay-datamining\data\raw\fire\fire_0601.jpg,fire,1
fire_0602.jpg,D:\My project\phan-loai-chay-datamining\data\raw\fire\fire_0602.jpg,fire,1
fire_0603.jpg,D:\My project\phan-loai-chay-datamining\data\raw\fire\fire_0603.jpg,fire,1
fire_0604.jpg,D:\My project\phan-loai-chay-datamining\data\raw\fire\fire_0604.jpg,fire,1
fire_0605.jpg,D:\My project\phan-loai-chay-datamining\data\raw\fire\fire_0605.jpg,fire,1
fire_0606.jpg,D:\My project\phan-loai-chay-datamining\data\raw\fire\fire_0606.jpg,fire,1
fire_0607.jpg,D:\My project\phan-loai-chay-datamining\data\raw\fire\fire_0607.jpg,fire,1
fire_0608.jpg,D:\My project\phan-loai-chay-datamining\data\raw\fire\fire_0608.jpg,fire,1
fire_0609.jpg,D:\My project\phan-loai-chay-datamining\data\raw\fire\fire_0609.jpg,fire,1
fire_0610.jpg,D:\My project\phan-loai-chay-datamining\data\raw\fire\fire_0610.jpg,fire,1
fire_0611.jpg,D:\My project\phan-loai-chay-datamining\data\raw\fire\fire_0611.jpg,fire,1
fire_0612.jpg,D:\My project\phan-loai-chay-datamining\data\raw\fire\fire_0612.jpg,fire,1
fire_0613.jpg,D:\My project\phan-loai-chay-datamining\data\raw\fire\fire_0613.jpg,fire,1
fire_0614.jpg,D:\My project\phan-loai-chay-datamining\data\raw\fire\fire_0614.jpg,fire,1
fire_0615.jpg,D:\My project\phan-loai-chay-datamining\data\raw\fire\fire_0615.jpg,fire,1
fire_0616.jpg,D:\My project\phan-loai-chay-datamining\data\raw\fire\fire_0616.jpg,fire,1
fire_0617.jpg,D:\My project\phan-loai-chay-datamining\data\raw\fire\fire_0617.jpg,fire,1
fire_0618.jpg,D:\My project\phan-loai-chay-datamining\data\raw\fire\fire_0618.jpg,fire,1
fire_0619.jpg,D:\My project\phan-loai-chay-datamining\data\raw\fire\fire_0619.jpg,fire,1
fire_0620.jpg,D:\My project\phan-loai-chay-datamining\data\raw\fire\fire_0620.jpg,fire,1
fire_0621.jpg,D:\My project\phan-loai-chay-datamining\data\raw\fire\fire_0621.jpg,fire,1
fire_0622.jpg,D:\My project\phan-loai-chay-datamining\data\raw\fire\fire_0622.jpg,fire,1
fire_0623.jpg,D:\My project\phan-loai-chay-datamining\data\raw\fire\fire_0623.jpg,fire,1
fire_0624.jpg,D:\My project\phan-loai-chay-datamining\data\raw\fire\fire_0624.jpg,fire,1
fire_0625.jpg,D:\My project\phan-loai-chay-datamining\data\raw\fire\fire_0625.jpg,fire,1
fire_0626.jpg,D:\My project\phan-loai-chay-datamining\data\raw\fire\fire_0626.jpg,fire,1
fire_0627.jpg,D:\My project\phan-loai-chay-datamining\data\raw\fire\fire_0627.jpg,fire,1
fire_0628.jpg,D:\My project\phan-loai-chay-datamining\data\raw\fire\fire_0628.jpg,fire,1
fire_0629.jpg,D:\My project\phan-loai-chay-datamining\data\raw\fire\fire_0629.jpg,fire,1
fire_0630.jpg,D:\My project\phan-loai-chay-datamining\data\raw\fire\fire_0630.jpg,fire,1
fire_0631.jpg,D:\My project\phan-loai-chay-datamining\data\raw\fire\fire_0631.jpg,fire,1
fire_0632.jpg,D:\My project\phan-loai-chay-datamining\data\raw\fire\fire_0632.jpg,fire,1
fire_0633.jpg,D:\My project\phan-loai-chay-datamining\data\raw\fire\fire_0633.jpg,fire,1
fire_0634.jpg,D:\My project\phan-loai-chay-datamining\data\raw\fire\fire_0634.jpg,fire,1
fire_0635.jpg,D:\My project\phan-loai-chay-datamining\data\raw\fire\fire_0635.jpg,fire,1
fire_0636.jpg,D:\My project\phan-loai-chay-datamining\data\raw\fire\fire_0636.jpg,fire,1
fire_0637.jpg,D:\My project\phan-loai-chay-datamining\data\raw\fire\fire_0637.jpg,fire,1
fire_0638.jpg,D:\My project\phan-loai-chay-datamining\data\raw\fire\fire_0638.jpg,fire,1
fire_0639.jpg,D:\My project\phan-loai-chay-datamining\data\raw\fire\fire_0639.jpg,fire,1
fire_0640.jpg,D:\My project\phan-loai-chay-datamining\data\raw\fire\fire_0640.jpg,fire,1
fire_0641.jpg,D:\My project\phan-loai-chay-datamining\data\raw\fire\fire_0641.jpg,fire,1
fire_0642.jpg,D:\My project\phan-loai-chay-datamining\data\raw\fire\fire_0642.jpg,fire,1
fire_0643.jpg,D:\My project\phan-loai-chay-datamining\data\raw\fire\fire_0643.jpg,fire,1
fire_0644.jpg,D:\My project\phan-loai-chay-datamining\data\raw\fire\fire_0644.jpg,fire,1
fire_0645.jpg,D:\My project\phan-loai-chay-datamining\data\raw\fire\fire_0645.jpg,fire,1
fire_0646.jpg,D:\My project\phan-loai-chay-datamining\data\raw\fire\fire_0646.jpg,fire,1
fire_0647.jpg,D:\My project\phan-loai-chay-datamining\data\raw\fire\fire_0647.jpg,fire,1
fire_0648.jpg,D:\My project\phan-loai-chay-datamining\data\raw\fire\fire_0648.jpg,fire,1
fire_0649.jpg,D:\My project\phan-loai-chay-datamining\data\raw\fire\fire_0649.jpg,fire,1
fire_0650.jpg,D:\My project\phan-loai-chay-datamining\data\raw\fire\fire_0650.jpg,fire,1
fire_0651.jpg,D:\My project\phan-loai-chay-datamining\data\raw\fire\fire_0651.jpg,fire,1
fire_0652.jpg,D:\My project\phan-loai-chay-datamining\data\raw\fire\fire_0652.jpg,fire,1
fire_0653.jpg,D:\My project\phan-loai-chay-datamining\data\raw\fire\fire_0653.jpg,fire,1
fire_0654.jpg,D:\My project\phan-loai-chay-datamining\data\raw\fire\fire_0654.jpg,fire,1
fire_0655.jpg,D:\My project\phan-loai-chay-datamining\data\raw\fire\fire_0655.jpg,fire,1
fire_0656.jpg,D:\My project\phan-loai-chay-datamining\data\raw\fire\fire_0656.jpg,fire,1
fire_0657.jpg,D:\My project\phan-loai-chay-datamining\data\raw\fire\fire_0657.jpg,fire,1
fire_0658.jpg,D:\My project\phan-loai-chay-datamining\data\raw\fire\fire_0658.jpg,fire,1
fire_0659.jpg,D:\My project\phan-loai-chay-datamining\data\raw\fire\fire_0659.jpg,fire,1
fire_0660.jpg,D:\My project\phan-loai-chay-datamining\data\raw\fire\fire_0660.jpg,fire,1
fire_0661.jpg,D:\My project\phan-loai-chay-datamining\data\raw\fire\fire_0661.jpg,fire,1
fire_0662.jpg,D:\My project\phan-loai-chay-datamining\data\raw\fire\fire_0662.jpg,fire,1
fire_0663.jpg,D:\My project\phan-loai-chay-datamining\data\raw\fire\fire_0663.jpg,fire,1
fire_0664.jpg,D:\My project\phan-loai-chay-datamining\data\raw\fire\fire_0664.jpg,fire,1
fire_0665.jpg,D:\My project\phan-loai-chay-datamining\data\raw\fire\fire_0665.jpg,fire,1
fire_0666.jpg,D:\My project\phan-loai-chay-datamining\data\raw\fire\fire_0666.jpg,fire,1
fire_0667.jpg,D:\My project\phan-loai-chay-datamining\data\raw\fire\fire_0667.jpg,fire,1
fire_0668.jpg,D:\My project\phan-loai-chay-datamining\data\raw\fire\fire_0668.jpg,fire,1
fire_0669.jpg,D:\My project\phan-loai-chay-datamining\data\raw\fire\fire_0669.jpg,fire,1
fire_0670.jpg,D:\My project\phan-loai-chay-datamining\data\raw\fire\fire_0670.jpg,fire,1
fire_0671.jpg,D:\My project\phan-loai-chay-datamining\data\raw\fire\fire_0671.jpg,fire,1
fire_0672.jpg,D:\My project\phan-loai-chay-datamining\data\raw\fire\fire_0672.jpg,fire,1
fire_0673.jpg,D:\My project\phan-loai-chay-datamining\data\raw\fire\fire_0673.jpg,fire,1
fire_0674.jpg,D:\My project\phan-loai-chay-datamining\data\raw\fire\fire_0674.jpg,fire,1
fire_0675.jpg,D:\My project\phan-loai-chay-datamining\data\raw\fire\fire_0675.jpg,fire,1
fire_0676.jpg,D:\My project\phan-loai-chay-datamining\data\raw\fire\fire_0676.jpg,fire,1
fire_0677.jpg,D:\My project\phan-loai-chay-datamining\data\raw\fire\fire_0677.jpg,fire,1
fire_0678.jpg,D:\My project\phan-loai-chay-datamining\data\raw\fire\fire_0678.jpg,fire,1
fire_0679.jpg,D:\My project\phan-loai-chay-datamining\data\raw\fire\fire_0679.jpg,fire,1
fire_0680.jpg,D:\My project\phan-loai-chay-datamining\data\raw\fire\fire_0680.jpg,fire,1
fire_0681.jpg,D:\My project\phan-loai-chay-datamining\data\raw\fire\fire_0681.jpg,fire,1
fire_0682.jpg,D:\My project\phan-loai-chay-datamining\data\raw\fire\fire_0682.jpg,fire,1
fire_0683.jpg,D:\My project\phan-loai-chay-datamining\data\raw\fire\fire_0683.jpg,fire,1
fire_0684.jpg,D:\My project\phan-loai-chay-datamining\data\raw\fire\fire_0684.jpg,fire,1
fire_0685.jpg,D:\My project\phan-loai-chay-datamining\data\raw\fire\fire_0685.jpg,fire,1
fire_0686.jpg,D:\My project\phan-loai-chay-datamining\data\raw\fire\fire_0686.jpg,fire,1
fire_0687.jpg,D:\My project\phan-loai-chay-datamining\data\raw\fire\fire_0687.jpg,fire,1
fire_0688.jpg,D:\My project\phan-loai-chay-datamining\data\raw\fire\fire_0688.jpg,fire,1
fire_0689.jpg,D:\My project\phan-loai-chay-datamining\data\raw\fire\fire_0689.jpg,fire,1
fire_0690.jpg,D:\My project\phan-loai-chay-datamining\data\raw\fire\fire_0690.jpg,fire,1
fire_0691.jpg,D:\My project\phan-loai-chay-datamining\data\raw\fire\fire_0691.jpg,fire,1
fire_0692.jpg,D:\My project\phan-loai-chay-datamining\data\raw\fire\fire_0692.jpg,fire,1
fire_0693.jpg,D:\My project\phan-loai-chay-datamining\data\raw\fire\fire_0693.jpg,fire,1
fire_0694.jpg,D:\My project\phan-loai-chay-datamining\data\raw\fire\fire_0694.jpg,fire,1
fire_0695.jpg,D:\My project\phan-loai-chay-datamining\data\raw\fire\fire_0695.jpg,fire,1
fire_0696.jpg,D:\My project\phan-loai-chay-datamining\data\raw\fire\fire_0696.jpg,fire,1
fire_0697.jpg,D:\My project\phan-loai-chay-datamining\data\raw\fire\fire_0697.jpg,fire,1
fire_0698.jpg,D:\My project\phan-loai-chay-datamining\data\raw\fire\fire_0698.jpg,fire,1
fire_0699.jpg,D:\My project\phan-loai-chay-datamining\data\raw\fire\fire_0699.jpg,fire,1
fire_0700.jpg,D:\My project\phan-loai-chay-datamining\data\raw\fire\fire_0700.jpg,fire,1
fire_0701.jpg,D:\My project\phan-loai-chay-datamining\data\raw\fire\fire_0701.jpg,fire,1
fire_0702.jpg,D:\My project\phan-loai-chay-datamining\data\raw\fire\fire_0702.jpg,fire,1
fire_0703.jpg,D:\My project\phan-loai-chay-datamining\data\raw\fire\fire_0703.jpg,fire,1
fire_0704.jpg,D:\My project\phan-loai-chay-datamining\data\raw\fire\fire_0704.jpg,fire,1
fire_0705.jpg,D:\My project\phan-loai-chay-datamining\data\raw\fire\fire_0705.jpg,fire,1
fire_0706.jpg,D:\My project\phan-loai-chay-datamining\data\raw\fire\fire_0706.jpg,fire,1
fire_0707.jpg,D:\My project\phan-loai-chay-datamining\data\raw\fire\fire_0707.jpg,fire,1
fire_0708.jpg,D:\My project\phan-loai-chay-datamining\data\raw\fire\fire_0708.jpg,fire,1
fire_0709.jpg,D:\My project\phan-loai-chay-datamining\data\raw\fire\fire_0709.jpg,fire,1
fire_0710.jpg,D:\My project\phan-loai-chay-datamining\data\raw\fire\fire_0710.jpg,fire,1
fire_0711.jpg,D:\My project\phan-loai-chay-datamining\data\raw\fire\fire_0711.jpg,fire,1
fire_0712.jpg,D:\My project\phan-loai-chay-datamining\data\raw\fire\fire_0712.jpg,fire,1
fire_0713.jpg,D:\My project\phan-loai-chay-datamining\data\raw\fire\fire_0713.jpg,fire,1
fire_0714.jpg,D:\My project\phan-loai-chay-datamining\data\raw\fire\fire_0714.jpg,fire,1
fire_0715.jpg,D:\My project\phan-loai-chay-datamining\data\raw\fire\fire_0715.jpg,fire,1
fire_0716.jpg,D:\My project\phan-loai-chay-datamining\data\raw\fire\fire_0716.jpg,fire,1
fire_0717.jpg,D:\My project\phan-loai-chay-datamining\data\raw\fire\fire_0717.jpg,fire,1
fire_0718.jpg,D:\My project\phan-loai-chay-datamining\data\raw\fire\fire_0718.jpg,fire,1
fire_0719.jpg,D:\My project\phan-loai-chay-datamining\data\raw\fire\fire_0719.jpg,fire,1
fire_0720.jpg,D:\My project\phan-loai-chay-datamining\data\raw\fire\fire_0720.jpg,fire,1
fire_0721.jpg,D:\My project\phan-loai-chay-datamining\data\raw\fire\fire_0721.jpg,fire,1
fire_0722.jpg,D:\My project\phan-loai-chay-datamining\data\raw\fire\fire_0722.jpg,fire,1
fire_0723.jpg,D:\My project\phan-loai-chay-datamining\data\raw\fire\fire_0723.jpg,fire,1
fire_0724.jpg,D:\My project\phan-loai-chay-datamining\data\raw\fire\fire_0724.jpg,fire,1
fire_0725.jpg,D:\My project\phan-loai-chay-datamining\data\raw\fire\fire_0725.jpg,fire,1
fire_0726.jpg,D:\My project\phan-loai-chay-datamining\data\raw\fire\fire_0726.jpg,fire,1
fire_0727.jpg,D:\My project\phan-loai-chay-datamining\data\raw\fire\fire_0727.jpg,fire,1
fire_0728.jpg,D:\My project\phan-loai-chay-datamining\data\raw\fire\fire_0728.jpg,fire,1
fire_0729.jpg,D:\My project\phan-loai-chay-datamining\data\raw\fire\fire_0729.jpg,fire,1
fire_0730.jpg,D:\My project\phan-loai-chay-datamining\data\raw\fire\fire_0730.jpg,fire,1
fire_0731.jpg,D:\My project\phan-loai-chay-datamining\data\raw\fire\fire_0731.jpg,fire,1
fire_0732.jpg,D:\My project\phan-loai-chay-datamining\data\raw\fire\fire_0732.jpg,fire,1
fire_0733.jpg,D:\My project\phan-loai-chay-datamining\data\raw\fire\fire_0733.jpg,fire,1
fire_0734.jpg,D:\My project\phan-loai-chay-datamining\data\raw\fire\fire_0734.jpg,fire,1
fire_0735.jpg,D:\My project\phan-loai-chay-datamining\data\raw\fire\fire_0735.jpg,fire,1
fire_0736.jpg,D:\My project\phan-loai-chay-datamining\data\raw\fire\fire_0736.jpg,fire,1
fire_0737.jpg,D:\My project\phan-loai-chay-datamining\data\raw\fire\fire_0737.jpg,fire,1
fire_0738.jpg,D:\My project\phan-loai-chay-datamining\data\raw\fire\fire_0738.jpg,fire,1
fire_0739.jpg,D:\My project\phan-loai-chay-datamining\data\raw\fire\fire_0739.jpg,fire,1
fire_0740.jpg,D:\My project\phan-loai-chay-datamining\data\raw\fire\fire_0740.jpg,fire,1
fire_0741.jpg,D:\My project\phan-loai-chay-datamining\data\raw\fire\fire_0741.jpg,fire,1
fire_0742.jpg,D:\My project\phan-loai-chay-datamining\data\raw\fire\fire_0742.jpg,fire,1
fire_0743.jpg,D:\My project\phan-loai-chay-datamining\data\raw\fire\fire_0743.jpg,fire,1
fire_0744.jpg,D:\My project\phan-loai-chay-datamining\data\raw\fire\fire_0744.jpg,fire,1
fire_0745.jpg,D:\My project\phan-loai-chay-datamining\data\raw\fire\fire_0745.jpg,fire,1
fire_0746.jpg,D:\My project\phan-loai-chay-datamining\data\raw\fire\fire_0746.jpg,fire,1
fire_0747.jpg,D:\My project\phan-loai-chay-datamining\data\raw\fire\fire_0747.jpg,fire,1
fire_0748.jpg,D:\My project\phan-loai-chay-datamining\data\raw\fire\fire_0748.jpg,fire,1
fire_0749.jpg,D:\My project\phan-loai-chay-datamining\data\raw\fire\fire_0749.jpg,fire,1
fire_0750.jpg,D:\My project\phan-loai-chay-datamining\data\raw\fire\fire_0750.jpg,fire,1
fire_0751.jpg,D:\My project\phan-loai-chay-datamining\data\raw\fire\fire_0751.jpg,fire,1
fire_0752.jpg,D:\My project\phan-loai-chay-datamining\data\raw\fire\fire_0752.jpg,fire,1
fire_0753.jpg,D:\My project\phan-loai-chay-datamining\data\raw\fire\fire_0753.jpg,fire,1
fire_0754.jpg,D:\My project\phan-loai-chay-datamining\data\raw\fire\fire_0754.jpg,fire,1
fire_0755.jpg,D:\My project\phan-loai-chay-datamining\data\raw\fire\fire_0755.jpg,fire,1
fire_0756.jpg,D:\My project\phan-loai-chay-datamining\data\raw\fire\fire_0756.jpg,fire,1
fire_0757.jpg,D:\My project\phan-loai-chay-datamining\data\raw\fire\fire_0757.jpg,fire,1
fire_0758.jpg,D:\My project\phan-loai-chay-datamining\data\raw\fire\fire_0758.jpg,fire,1
fire_0759.jpg,D:\My project\phan-loai-chay-datamining\data\raw\fire\fire_0759.jpg,fire,1
fire_0760.jpg,D:\My project\phan-loai-chay-datamining\data\raw\fire\fire_0760.jpg,fire,1
fire_0761.jpg,D:\My project\phan-loai-chay-datamining\data\raw\fire\fire_0761.jpg,fire,1
fire_0762.jpg,D:\My project\phan-loai-chay-datamining\data\raw\fire\fire_0762.jpg,fire,1
fire_0763.jpg,D:\My project\phan-loai-chay-datamining\data\raw\fire\fire_0763.jpg,fire,1
fire_0764.jpg,D:\My project\phan-loai-chay-datamining\data\raw\fire\fire_0764.jpg,fire,1
fire_0765.jpg,D:\My project\phan-loai-chay-datamining\data\raw\fire\fire_0765.jpg,fire,1
fire_0766.jpg,D:\My project\phan-loai-chay-datamining\data\raw\fire\fire_0766.jpg,fire,1
fire_0767.jpg,D:\My project\phan-loai-chay-datamining\data\raw\fire\fire_0767.jpg,fire,1
fire_0768.jpg,D:\My project\phan-loai-chay-datamining\data\raw\fire\fire_0768.jpg,fire,1
fire_0769.jpg,D:\My project\phan-loai-chay-datamining\data\raw\fire\fire_0769.jpg,fire,1
fire_0770.jpg,D:\My project\phan-loai-chay-datamining\data\raw\fire\fire_0770.jpg,fire,1
fire_0771.jpg,D:\My project\phan-loai-chay-datamining\data\raw\fire\fire_0771.jpg,fire,1
fire_0772.jpg,D:\My project\phan-loai-chay-datamining\data\raw\fire\fire_0772.jpg,fire,1
fire_0773.jpg,D:\My project\phan-loai-chay-datamining\data\raw\fire\fire_0773.jpg,fire,1
fire_0774.jpg,D:\My project\phan-loai-chay-datamining\data\raw\fire\fire_0774.jpg,fire,1
fire_0775.jpg,D:\My project\phan-loai-chay-datamining\data\raw\fire\fire_0775.jpg,fire,1
fire_0776.jpg,D:\My project\phan-loai-chay-datamining\data\raw\fire\fire_0776.jpg,fire,1
fire_0777.jpg,D:\My project\phan-loai-chay-datamining\data\raw\fire\fire_0777.jpg,fire,1
fire_0778.jpg,D:\My project\phan-loai-chay-datamining\data\raw\fire\fire_0778.jpg,fire,1
fire_0779.jpg,D:\My project\phan-loai-chay-datamining\data\raw\fire\fire_0779.jpg,fire,1
fire_0780.jpg,D:\My project\phan-loai-chay-datamining\data\raw\fire\fire_0780.jpg,fire,1
fire_0781.jpg,D:\My project\phan-loai-chay-datamining\data\raw\fire\fire_0781.jpg,fire,1
fire_0782.jpg,D:\My project\phan-loai-chay-datamining\data\raw\fire\fire_0782.jpg,fire,1
fire_0783.jpg,D:\My project\phan-loai-chay-datamining\data\raw\fire\fire_0783.jpg,fire,1
fire_0784.jpg,D:\My project\phan-loai-chay-datamining\data\raw\fire\fire_0784.jpg,fire,1
fire_0785.jpg,D:\My project\phan-loai-chay-datamining\data\raw\fire\fire_0785.jpg,fire,1
fire_0786.jpg,D:\My project\phan-loai-chay-datamining\data\raw\fire\fire_0786.jpg,fire,1
fire_0787.jpg,D:\My project\phan-loai-chay-datamining\data\raw\fire\fire_0787.jpg,fire,1
fire_0788.jpg,D:\My project\phan-loai-chay-datamining\data\raw\fire\fire_0788.jpg,fire,1
fire_0789.jpg,D:\My project\phan-loai-chay-datamining\data\raw\fire\fire_0789.jpg,fire,1
fire_0790.jpg,D:\My project\phan-loai-chay-datamining\data\raw\fire\fire_0790.jpg,fire,1
fire_0791.jpg,D:\My project\phan-loai-chay-datamining\data\raw\fire\fire_0791.jpg,fire,1
fire_0792.jpg,D:\My project\phan-loai-chay-datamining\data\raw\fire\fire_0792.jpg,fire,1
fire_0793.jpg,D:\My project\phan-loai-chay-datamining\data\raw\fire\fire_0793.jpg,fire,1
fire_0794.jpg,D:\My project\phan-loai-chay-datamining\data\raw\fire\fire_0794.jpg,fire,1
fire_0795.jpg,D:\My project\phan-loai-chay-datamining\data\raw\fire\fire_0795.jpg,fire,1
fire_0796.jpg,D:\My project\phan-loai-chay-datamining\data\raw\fire\fire_0796.jpg,fire,1
fire_0797.jpg,D:\My project\phan-loai-chay-datamining\data\raw\fire\fire_0797.jpg,fire,1
fire_0798.jpg,D:\My project\phan-loai-chay-datamining\data\raw\fire\fire_0798.jpg,fire,1
fire_0799.jpg,D:\My project\phan-loai-chay-datamining\data\raw\fire\fire_0799.jpg,fire,1
fire_0800.jpg,D:\My project\phan-loai-chay-datamining\data\raw\fire\fire_0800.jpg,fire,1
fire_0801.jpg,D:\My project\phan-loai-chay-datamining\data\raw\fire\fire_0801.jpg,fire,1
fire_0802.jpg,D:\My project\phan-loai-chay-datamining\data\raw\fire\fire_0802.jpg,fire,1
fire_0803.jpg,D:\My project\phan-loai-chay-datamining\data\raw\fire\fire_0803.jpg,fire,1
fire_0804.jpg,D:\My project\phan-loai-chay-datamining\data\raw\fire\fire_0804.jpg,fire,1
fire_0805.jpg,D:\My project\phan-loai-chay-datamining\data\raw\fire\fire_0805.jpg,fire,1
fire_0806.jpg,D:\My project\phan-loai-chay-datamining\data\raw\fire\fire_0806.jpg,fire,1
fire_0807.jpg,D:\My project\phan-loai-chay-datamining\data\raw\fire\fire_0807.jpg,fire,1
fire_0808.jpg,D:\My project\phan-loai-chay-datamining\data\raw\fire\fire_0808.jpg,fire,1
fire_0809.jpg,D:\My project\phan-loai-chay-datamining\data\raw\fire\fire_0809.jpg,fire,1
fire_0810.jpg,D:\My project\phan-loai-chay-datamining\data\raw\fire\fire_0810.jpg,fire,1
fire_0811.jpg,D:\My project\phan-loai-chay-datamining\data\raw\fire\fire_0811.jpg,fire,1
fire_0812.jpg,D:\My project\phan-loai-chay-datamining\data\raw\fire\fire_0812.jpg,fire,1
fire_0813.jpg,D:\My project\phan-loai-chay-datamining\data\raw\fire\fire_0813.jpg,fire,1
fire_0814.jpg,D:\My project\phan-loai-chay-datamining\data\raw\fire\fire_0814.jpg,fire,1
fire_0815.jpg,D:\My project\phan-loai-chay-datamining\data\raw\fire\fire_0815.jpg,fire,1
fire_0816.jpg,D:\My project\phan-loai-chay-datamining\data\raw\fire\fire_0816.jpg,fire,1
fire_0817.jpg,D:\My project\phan-loai-chay-datamining\data\raw\fire\fire_0817.jpg,fire,1
fire_0818.jpg,D:\My project\phan-loai-chay-datamining\data\raw\fire\fire_0818.jpg,fire,1
fire_0819.jpg,D:\My project\phan-loai-chay-datamining\data\raw\fire\fire_0819.jpg,fire,1
fire_0820.jpg,D:\My project\phan-loai-chay-datamining\data\raw\fire\fire_0820.jpg,fire,1
fire_0821.jpg,D:\My project\phan-loai-chay-datamining\data\raw\fire\fire_0821.jpg,fire,1
fire_0822.jpg,D:\My project\phan-loai-chay-datamining\data\raw\fire\fire_0822.jpg,fire,1
fire_0823.jpg,D:\My project\phan-loai-chay-datamining\data\raw\fire\fire_0823.jpg,fire,1
fire_0824.jpg,D:\My project\phan-loai-chay-datamining\data\raw\fire\fire_0824.jpg,fire,1
fire_0825.jpg,D:\My project\phan-loai-chay-datamining\data\raw\fire\fire_0825.jpg,fire,1
fire_0826.jpg,D:\My project\phan-loai-chay-datamining\data\raw\fire\fire_0826.jpg,fire,1
fire_0827.jpg,D:\My project\phan-loai-chay-datamining\data\raw\fire\fire_0827.jpg,fire,1
fire_0828.jpg,D:\My project\phan-loai-chay-datamining\data\raw\fire\fire_0828.jpg,fire,1
fire_0829.jpg,D:\My project\phan-loai-chay-datamining\data\raw\fire\fire_0829.jpg,fire,1
fire_0830.jpg,D:\My project\phan-loai-chay-datamining\data\raw\fire\fire_0830.jpg,fire,1
fire_0831.jpg,D:\My project\phan-loai-chay-datamining\data\raw\fire\fire_0831.jpg,fire,1
fire_0832.jpg,D:\My project\phan-loai-chay-datamining\data\raw\fire\fire_0832.jpg,fire,1
fire_0833.jpg,D:\My project\phan-loai-chay-datamining\data\raw\fire\fire_0833.jpg,fire,1
fire_0834.jpg,D:\My project\phan-loai-chay-datamining\data\raw\fire\fire_0834.jpg,fire,1
fire_0835.jpg,D:\My project\phan-loai-chay-datamining\data\raw\fire\fire_0835.jpg,fire,1
fire_0836.jpg,D:\My project\phan-loai-chay-datamining\data\raw\fire\fire_0836.jpg,fire,1
fire_0837.jpg,D:\My project\phan-loai-chay-datamining\data\raw\fire\fire_0837.jpg,fire,1
fire_0838.jpg,D:\My project\phan-loai-chay-datamining\data\raw\fire\fire_0838.jpg,fire,1
fire_0839.jpg,D:\My project\phan-loai-chay-datamining\data\raw\fire\fire_0839.jpg,fire,1
fire_0840.jpg,D:\My project\phan-loai-chay-datamining\data\raw\fire\fire_0840.jpg,fire,1
fire_0841.jpg,D:\My project\phan-loai-chay-datamining\data\raw\fire\fire_0841.jpg,fire,1
fire_0842.jpg,D:\My project\phan-loai-chay-datamining\data\raw\fire\fire_0842.jpg,fire,1
fire_0843.jpg,D:\My project\phan-loai-chay-datamining\data\raw\fire\fire_0843.jpg,fire,1
fire_0844.jpg,D:\My project\phan-loai-chay-datamining\data\raw\fire\fire_0844.jpg,fire,1
fire_0845.jpg,D:\My project\phan-loai-chay-datamining\data\raw\fire\fire_0845.jpg,fire,1
fire_0846.jpg,D:\My project\phan-loai-chay-datamining\data\raw\fire\fire_0846.jpg,fire,1
fire_0847.jpg,D:\My project\phan-loai-chay-datamining\data\raw\fire\fire_0847.jpg,fire,1
fire_0848.jpg,D:\My project\phan-loai-chay-datamining\data\raw\fire\fire_0848.jpg,fire,1
fire_0849.jpg,D:\My project\phan-loai-chay-datamining\data\raw\fire\fire_0849.jpg,fire,1
fire_0850.jpg,D:\My project\phan-loai-chay-datamining\data\raw\fire\fire_0850.jpg,fire,1
fire_0851.jpg,D:\My project\phan-loai-chay-datamining\data\raw\fire\fire_0851.jpg,fire,1
fire_0852.jpg,D:\My project\phan-loai-chay-datamining\data\raw\fire\fire_0852.jpg,fire,1
fire_0853.jpg,D:\My project\phan-loai-chay-datamining\data\raw\fire\fire_0853.jpg,fire,1
fire_0854.jpg,D:\My project\phan-loai-chay-datamining\data\raw\fire\fire_0854.jpg,fire,1
fire_0855.jpg,D:\My project\phan-loai-chay-datamining\data\raw\fire\fire_0855.jpg,fire,1
fire_0856.jpg,D:\My project\phan-loai-chay-datamining\data\raw\fire\fire_0856.jpg,fire,1
fire_0857.jpg,D:\My project\phan-loai-chay-datamining\data\raw\fire\fire_0857.jpg,fire,1
fire_0858.jpg,D:\My project\phan-loai-chay-datamining\data\raw\fire\fire_0858.jpg,fire,1
fire_0859.jpg,D:\My project\phan-loai-chay-datamining\data\raw\fire\fire_0859.jpg,fire,1
fire_0860.jpg,D:\My project\phan-loai-chay-datamining\data\raw\fire\fire_0860.jpg,fire,1
fire_0861.jpg,D:\My project\phan-loai-chay-datamining\data\raw\fire\fire_0861.jpg,fire,1
fire_0862.jpg,D:\My project\phan-loai-chay-datamining\data\raw\fire\fire_0862.jpg,fire,1
fire_0863.jpg,D:\My project\phan-loai-chay-datamining\data\raw\fire\fire_0863.jpg,fire,1
fire_0864.jpg,D:\My project\phan-loai-chay-datamining\data\raw\fire\fire_0864.jpg,fire,1
fire_0865.jpg,D:\My project\phan-loai-chay-datamining\data\raw\fire\fire_0865.jpg,fire,1
fire_0866.jpg,D:\My project\phan-loai-chay-datamining\data\raw\fire\fire_0866.jpg,fire,1
fire_0867.jpg,D:\My project\phan-loai-chay-datamining\data\raw\fire\fire_0867.jpg,fire,1
fire_0868.jpg,D:\My project\phan-loai-chay-datamining\data\raw\fire\fire_0868.jpg,fire,1
fire_0869.jpg,D:\My project\phan-loai-chay-datamining\data\raw\fire\fire_0869.jpg,fire,1
fire_0870.jpg,D:\My project\phan-loai-chay-datamining\data\raw\fire\fire_0870.jpg,fire,1
fire_0871.jpg,D:\My project\phan-loai-chay-datamining\data\raw\fire\fire_0871.jpg,fire,1
fire_0872.jpg,D:\My project\phan-loai-chay-datamining\data\raw\fire\fire_0872.jpg,fire,1
